학년도,학기,소속,학과,과목번호,분반,과목명,학점,수업시간/강의실,시간,교수진,수강생수,영어강의,공학인증,홀짝구분,승인과목,시험일자,수강대상,권장학년,수강신청 참조사항,과목 설명,비고
2018 학년도,1학기,학부,융합소프트웨어연계전공,CSW1010,01,IT개론,3.0,"월,금 16:30~17:45 [K502]",3.0,이지선,0000000055,,,,,,전학년,2-4학년,융합소프트웨어연계전공(가능),융합소프트웨어연계전공자만 수강가능,융합소프트웨어연계전공자만 수강가능
2018 학년도,1학기,학부,융합소프트웨어연계전공,CSW2010,01,기초C언어,3.0,월 13:30~14:45 / 금 12:00~13:15 [K502],3.0,이지선,0000000048,,,,,,전학년,2-4학년,"전자공학전공,컴퓨터공학전공(불가능)","전자공학, 컴퓨터공학전공자 수강 불가",
2018 학년도,1학기,학부,융합소프트웨어연계전공,CSW2010,02,기초C언어,3.0,월 10:30~11:45 / 수 12:00~13:15 [K502],3.0,이지선,0000000034,,,,,,전학년,2-4학년,"전자공학전공,컴퓨터공학전공(불가능)","전자공학, 컴퓨터공학전공자 수강 불가",
2018 학년도,1학기,학부,융합소프트웨어연계전공,CSW3010,01,알고리즘입문,3.0,"화,목 15:00~16:15 [K303]",3.0,장직현,0000000059,,,,,,전학년,2-4학년,"전자공학전공,컴퓨터공학전공(불가능)","전자공학, 컴퓨터공학전공자 수강 불가",
2018 학년도,1학기,학부,융합소프트웨어연계전공,CSW3020,01,운영체제입문,3.0,"화,목 16:30~17:45 [K305]",3.0,전영표,0000000054,,,,,,전학년,2-4학년,"전자공학전공,컴퓨터공학전공(불가능)","전자공학, 컴퓨터공학전공자 수강 불가",
2018 학년도,1학기,학부,융합소프트웨어연계전공,CSW3040,01,소프트웨어공학입문,3.0,"화,목 12:00~13:15 [K307]",3.0,박수진,0000000031,,,,,,전학년,2-4학년,"전자공학전공,컴퓨터공학전공(불가능)","전자공학, 컴퓨터공학전공자 수강 불가",
2018 학년도,1학기,학부,전인교육원,CHS2001,01,한국문화와역사,3.0,"화,목 10:30~11:45 [K503]",3.0,정선용,0000000070,,,,,,전학년,1-2학년,,,
2018 학년도,1학기,학부,전인교육원,CHS2001,02,한국문화와역사,3.0,월 15:00~16:15 / 수 16:30~17:45 [K402],3.0,장준호,0000000079,,,,,,전학년,1-2학년,,,
2018 학년도,1학기,학부,전인교육원,CHS2002,01,현대한국의형성,3.0,월 12:00~13:15 / 금 10:30~11:45 [K401],3.0,박미아,0000000088,,,,,,전학년,1-2학년,,,국제학생(외국국적) 전용반
2018 학년도,1학기,학부,전인교육원,CHS2002,02,현대한국의형성,3.0,"수,금 09:00~10:15 [K201]",3.0,김혜정,0000000073,,,,,,전학년,1-2학년,,,
2018 학년도,1학기,학부,전인교육원,CHS2002,03,현대한국의형성,3.0,"화,목 16:30~17:45 [K503]",3.0,서진교,0000000070,,,,,,전학년,1-2학년,,,
2018 학년도,1학기,학부,전인교육원,CHS2002,04,현대한국의형성,3.0,월 15:00~16:15 / 수 16:30~17:45 [K407],3.0,채민석,0000000026,,,,,,전학년,1-2학년,,,국제학생(외국국적) 전용반
2018 학년도,1학기,학부,전인교육원,CHS2003,01,현대동아시아의형성,3.0,"화,목 09:00~10:15 [J102]",3.0,윤병남,0000000072,,,,,,전학년,1-2학년,,,
2018 학년도,1학기,학부,전인교육원,CHS2003,02,현대동아시아의형성,3.0,금 13:30~16:15 [J102],3.0,윤병남,0000000063,,,,,,전학년,1-2학년,,,부제: 아시아 공동체론의 역사적 전망(특강과조별토론)
2018 학년도,1학기,학부,전인교육원,CHS2003,03,현대동아시아의형성,3.0,"수,금 13:30~14:45 [K201]",3.0,방향숙,0000000135,,,,,,전학년,1-2학년,,,
2018 학년도,1학기,학부,전인교육원,CHS2004,01,현대서양의형성,3.0,"수,금 15:00~16:15 [J118]",3.0,이종훈,0000000076,,,,,,전학년,1-2학년,,"구 근대시민사회의형성(SHU4017),영미문화의이해(LCU4010) 대체",
2018 학년도,1학기,학부,전인교육원,CHS2004,02,현대서양의형성,3.0,"수,금 09:00~10:15 [K203]",3.0,권은혜,0000000055,,,,,,전학년,1-2학년,,"구 근대시민사회의형성(SHU4017),영미문화의이해(LCU4010) 대체",
2018 학년도,1학기,학부,전인교육원,CHS2004,03,현대서양의형성,3.0,"화,목 10:30~11:45 [K402]",3.0,오승은,0000000079,,,,,,전학년,1-2학년,,"구 근대시민사회의형성(SHU4017),영미문화의이해(LCU4010) 대체",
2018 학년도,1학기,학부,전인교육원,CHS2006,01,역사란무엇인가,3.0,"화,목 15:00~16:15 [J118]",3.0,임상우,0000000065,,,,,,전학년,1-4학년,,주의 : 사학과 필수과목(HIS2001)과 다른 과목,
2018 학년도,1학기,학부,전인교육원,CHU4002,01,인물로본한국사,3.0,"화,목 16:30~17:45 [J219]",3.0,이숙경,0000000020,,,,,,전학년,1-4학년,,구 한국사와한국인(CHU4001)의 대체과목,
2018 학년도,1학기,학부,전인교육원,CHU4007,01,인물로본서양사,3.0,"화,목 12:00~13:15 [K504]",3.0,허구생,0000000048,,,,,,전학년,1-4학년,,구 서양문명의역사(CHU4006)의 대체과목,
2018 학년도,1학기,학부,전인교육원,CHU4011,01,영화로본역사,3.0,수 15:00~16:15 / 금 15:00~16:15 [K501],3.0,김지혜,0000000113,,,,,,전학년,1-4학년,,,
2018 학년도,1학기,학부,전인교육원,CHU4018,01,이주의역사,3.0,월 10:30~11:45 / 수 12:00~13:15 [K208],3.0,문종현,0000000031,,,,,,전학년,1-4학년,,,
2018 학년도,1학기,학부,전인교육원,COR1001,01,읽기와쓰기,3.0,월 09:00~10:15 / 수 10:30~11:45 [J106],3.0,강지연,0000000024,,,,,,전학년,1학년,"국제인문학부,지식융합학부(가능)",,"""국제인문학부, 지식융합학부 전용반"""
2018 학년도,1학기,학부,전인교육원,COR1001,02,읽기와쓰기,3.0,월 12:00~13:15 / 금 10:30~11:45 [J104],3.0,김효은,0000000037,,,,,,전학년,1학년,"국제인문학부,지식융합학부(가능)",,"""국제인문학부, 지식융합학부 전용반"""
2018 학년도,1학기,학부,전인교육원,COR1001,03,읽기와쓰기,3.0,"화,목 09:00~10:15 [J108]",3.0,김신정,0000000017,,,,,,전학년,1학년,"국제인문학부,지식융합학부(가능)",,"""국제인문학부, 지식융합학부 전용반"""
2018 학년도,1학기,학부,전인교육원,COR1001,04,읽기와쓰기,3.0,"수,금 15:00~16:15 [J207]",3.0,이경욱,0000000040,,,,,,전학년,1학년,"국제인문학부,지식융합학부(가능)",,"""국제인문학부, 지식융합학부 전용반"""
2018 학년도,1학기,학부,전인교육원,COR1001,05,읽기와쓰기,3.0,월 10:30~11:45 / 수 12:00~13:15 [J104],3.0,권미란,0000000037,,,,,,전학년,1학년,"국제인문학부,지식융합학부(가능)",,"""국제인문학부, 지식융합학부 전용반"""
2018 학년도,1학기,학부,전인교육원,COR1001,06,읽기와쓰기,3.0,"화,목 10:30~11:45 [J108]",3.0,김보현,0000000039,,,,,,전학년,1학년,"국제인문학부,지식융합학부(가능)",,"""국제인문학부, 지식융합학부 전용반"""
2018 학년도,1학기,학부,전인교육원,COR1001,07,읽기와쓰기,3.0,월 13:30~14:45 / 금 12:00~13:15 [J108],3.0,박인성,0000000040,,,,,,전학년,1학년,"국제인문학부,지식융합학부(가능)",,"""국제인문학부, 지식융합학부 전용반"""
2018 학년도,1학기,학부,전인교육원,COR1001,08,읽기와쓰기,3.0,"수,금 13:30~14:45 [J207]",3.0,이경욱,0000000040,,,,,,전학년,1학년,"국제인문학부,지식융합학부(가능)",,"""국제인문학부, 지식융합학부 전용반"""
2018 학년도,1학기,학부,전인교육원,COR1001,09,읽기와쓰기,3.0,"화,목 12:00~13:15 [J104]",3.0,이미정,0000000040,,,,,,전학년,1학년,"국제인문학부,지식융합학부(가능)",,"""국제인문학부, 지식융합학부 전용반"""
2018 학년도,1학기,학부,전인교육원,COR1001,10,읽기와쓰기,3.0,월 15:00~16:15 / 수 16:30~17:45 [J108],3.0,강지연,0000000032,,,,,,전학년,1학년,"국제인문학부,지식융합학부(가능)",,"""국제인문학부, 지식융합학부 전용반"""
2018 학년도,1학기,학부,전인교육원,COR1001,11,읽기와쓰기,3.0,"월,금 16:30~17:45 [J108]",3.0,김신정,0000000030,,,,,,전학년,1학년,"국제인문학부,지식융합학부(가능)",,"""국제인문학부, 지식융합학부 전용반"""
2018 학년도,1학기,학부,전인교육원,COR1001,12,읽기와쓰기,3.0,"화,목 13:30~14:45 [J106]",3.0,황인순,0000000039,,,,,,전학년,1학년,경제학부(가능),,경제학부 전용반
2018 학년도,1학기,학부,전인교육원,COR1001,13,읽기와쓰기,3.0,"수,금 15:00~16:15 [J108]",3.0,황인순,0000000039,,,,,,전학년,1학년,경제학부(가능),,경제학부 전용반
2018 학년도,1학기,학부,전인교육원,COR1001,14,읽기와쓰기,3.0,월 09:00~10:15 / 수 10:30~11:45 [J108],3.0,허윤진,0000000036,,,,,,전학년,1학년,경제학부(가능),,경제학부 전용반
2018 학년도,1학기,학부,전인교육원,COR1001,15,읽기와쓰기,3.0,"화,목 15:00~16:15 [J108]",3.0,김보현,0000000038,,,,,,전학년,1학년,경제학부(가능),,경제학부 전용반
2018 학년도,1학기,학부,전인교육원,COR1001,16,읽기와쓰기,3.0,월 12:00~13:15 / 금 10:30~11:45 [J106],3.0,박성광,0000000016,,,,,,전학년,1학년,경제학부(가능),,경제학부 전용반
2018 학년도,1학기,학부,전인교육원,COR1001,17,읽기와쓰기,3.0,"수,금 09:00~10:15 [J106]",3.0,박성광,0000000022,,O,,,,전학년,1학년,공학부(가능),,공학부 전용반
2018 학년도,1학기,학부,전인교육원,COR1001,18,읽기와쓰기,3.0,"화,목 16:30~17:45 [J106]",3.0,박진혁,0000000040,,O,,,,전학년,1학년,공학부(가능),,공학부 전용반
2018 학년도,1학기,학부,전인교육원,COR1001,19,읽기와쓰기,3.0,월 10:30~11:45 / 수 12:00~13:15 [J106],3.0,조경은,0000000040,,O,,,,전학년,1학년,공학부(가능),,공학부 전용반
2018 학년도,1학기,학부,전인교육원,COR1001,20,읽기와쓰기,3.0,월 13:30~14:45 / 금 12:00~13:15 [J104],3.0,이향애,0000000040,,O,,,,전학년,1학년,공학부(가능),,공학부 전용반
2018 학년도,1학기,학부,전인교육원,COR1001,21,읽기와쓰기,3.0,"화,목 09:00~10:15 [J202]",3.0,한새해,0000000040,,O,,,,전학년,1학년,공학부(가능),,공학부 전용반
2018 학년도,1학기,학부,전인교육원,COR1001,22,읽기와쓰기,3.0,"수,금 13:30~14:45 [J104]",3.0,박상익,0000000040,,O,,,,전학년,1학년,공학부(가능),,공학부 전용반
2018 학년도,1학기,학부,전인교육원,COR1001,23,읽기와쓰기,3.0,월 15:00~16:15 / 수 16:30~17:45 [J215],3.0,김효은,0000000034,,O,,,,전학년,1학년,공학부(가능),,공학부 전용반
2018 학년도,1학기,학부,전인교육원,COR1001,24,읽기와쓰기,3.0,"화,목 10:30~11:45 [J106]",3.0,조경은,0000000039,,O,,,,전학년,1학년,공학부(가능),,공학부 전용반
2018 학년도,1학기,학부,전인교육원,COR1001,25,읽기와쓰기,3.0,"월,금 16:30~17:45 [J104]",3.0,이향애,0000000038,,O,,,,전학년,1학년,공학부(가능),,공학부 전용반
2018 학년도,1학기,학부,전인교육원,COR1001,27,읽기와쓰기,3.0,"화,목 12:00~13:15 [J106]",3.0,황인순,0000000042,,O,,,,전학년,1학년,공학부(가능),,공학부 전용반
2018 학년도,1학기,학부,전인교육원,COR1001,28,읽기와쓰기,3.0,월 09:00~10:15 / 수 10:30~11:45 [J104],3.0,권미란,0000000034,,O,,,,전학년,1학년,공학부(가능),,공학부 전용반
2018 학년도,1학기,학부,전인교육원,COR1001,29,읽기와쓰기,3.0,월 15:00~16:15 / 수 16:30~17:45 [J106],3.0,조경은,0000000020,,,,O,,전학년,1학년,,,재외국민 및 외국인 전용반(반드시 강의계획서에 나와 있는 '수강 자격'을 확인.) 문의사항은 담당교수 이메일
2018 학년도,1학기,학부,전인교육원,COR1001,30,읽기와쓰기,3.0,"수,금 15:00~16:15 [J106]",3.0,조경은,0000000013,,,,O,,전학년,1학년,,,재외국민 및 외국인 전용반(반드시 강의계획서에 나와 있는 '수강 자격'을 확인.) 문의사항은 담당교수 이메일
2018 학년도,1학기,학부,전인교육원,COR1001,31,읽기와쓰기,3.0,"화,목 09:00~10:15 [J106]",3.0,조경은,0000000019,,,,O,,전학년,1학년,,,재외국민 및 외국인 전용반(반드시 강의계획서에 나와 있는 '수강 자격'을 확인.) 문의사항은 담당교수 이메일
2018 학년도,1학기,학부,전인교육원,COR1001,32,읽기와쓰기,3.0,월 15:00~16:15 / 수 16:30~17:45 [J104],3.0,이경욱,0000000019,,,,O,,전학년,1학년,,,재외국민 및 외국인 전용반(반드시 강의계획서에 나와 있는 '수강 자격'을 확인.) 문의사항은 담당교수 이메일
2018 학년도,1학기,학부,전인교육원,COR1001,33,읽기와쓰기,3.0,"수,금 15:00~16:15 [J104]",3.0,박상익,0000000014,,,,O,,전학년,1학년,,,재외국민 및 외국인 전용반(반드시 강의계획서에 나와 있는 '수강 자격'을 확인.) 문의사항은 담당교수 이메일
2018 학년도,1학기,학부,전인교육원,COR1001,34,읽기와쓰기,3.0,"화,목 09:00~10:15 [J104]",3.0,이미정,0000000019,,,,O,,전학년,1학년,,,재외국민 및 외국인 전용반(반드시 강의계획서에 나와 있는 '수강 자격'을 확인.) 문의사항은 담당교수 이메일
2018 학년도,1학기,학부,전인교육원,COR1001,35,읽기와쓰기,3.0,월 15:00~16:15 / 수 16:30~17:45 [J204],3.0,홍승희,0000000017,,,,O,,전학년,1학년,,,재외국민 및 외국인 전용반(반드시 강의계획서에 나와 있는 '수강 자격'을 확인.) 문의사항은 담당교수 이메일)
2018 학년도,1학기,학부,전인교육원,COR1001,36,읽기와쓰기,3.0,"수,금 15:00~16:15 [J313]",3.0,권미란,0000000017,,,,O,,전학년,1학년,,,재외국민 및 외국인 전용반(반드시 강의계획서에 나와 있는 '수강 자격'을 확인.) 문의사항은 담당교수 이메일)
2018 학년도,1학기,학부,전인교육원,COR1001,37,읽기와쓰기,3.0,"화,목 09:00~10:30 [J204]",3.0,오승은,0000000019,,,,O,,전학년,1학년,,,재외국민 및 외국인 전용반(반드시 강의계획서에 나와 있는 '수강 자격'을 확인.) 문의사항은 담당교수 이메일)
2018 학년도,1학기,학부,전인교육원,COR1001,38,읽기와쓰기,3.0,"화,목 09:00~10:15 [J110]",3.0,홍승희,0000000016,,,,O,,,1학년,,,재외국민 및 외국인 학생 전용-(승인과목)
2018 학년도,1학기,학부,전인교육원,COR1001,39,읽기와쓰기,3.0,"수,금 15:00~16:15 [J323]",3.0,김보현,0000000013,,,,,,,1학년,,,재외국민 및 외국인 학생 전용-(승인과목)
2018 학년도,1학기,학부,전인교육원,COR1003,01,글로벌의사소통I,3.0,월 09:00~10:15 / 수 10:30~11:45 [J116],3.0,"Willers, Arthur Gregory",0000000024,O,,,,,전학년,1학년,"국제인문학부,사회과학부,커뮤니케이션학부,지식융합학부,경제학부,경영학부(가능)","구 영어I, 신입생 대다수의 학생을 대상으로","국제인문학부,사회과학부,커뮤니케이션학부,지식융합학부,경제학부,경영학부(대상)"
2018 학년도,1학기,학부,전인교육원,COR1003,02,글로벌의사소통I,3.0,"화,목 09:00~10:15 [J116]",3.0,채현순,0000000023,O,,,,,전학년,1학년,"국제인문학부,사회과학부,커뮤니케이션학부,지식융합학부,경제학부,경영학부(가능)","구 영어I, 신입생 대다수의 학생을 대상으로","국제인문학부,사회과학부,커뮤니케이션학부,지식융합학부,경제학부,경영학부(대상)"
2018 학년도,1학기,학부,전인교육원,COR1003,03,글로벌의사소통I,3.0,월 10:30~11:45 / 수 12:00~13:15 [J116],3.0,"Willers, Arthur Gregory",0000000026,O,,,,,전학년,1학년,"국제인문학부,사회과학부,커뮤니케이션학부,지식융합학부,경제학부,경영학부(가능)","구 영어I, 신입생 대다수의 학생을 대상으로","국제인문학부,사회과학부,커뮤니케이션학부,지식융합학부,경제학부,경영학부(대상)"
2018 학년도,1학기,학부,전인교육원,COR1003,04,글로벌의사소통I,3.0,"화,목 12:00~13:15 [J110]",3.0,"Ellis, Jason Edward",0000000024,O,,,,,전학년,1학년,"국제인문학부,사회과학부,커뮤니케이션학부,지식융합학부,경제학부,경영학부(가능)","구 영어I, 신입생 대다수의 학생을 대상으로","국제인문학부,사회과학부,커뮤니케이션학부,지식융합학부,경제학부,경영학부(대상)"
2018 학년도,1학기,학부,전인교육원,COR1003,05,글로벌의사소통I,3.0,"화,목 13:30~14:45 [J114]",3.0,김영나,0000000024,O,,,,,전학년,1학년,"국제인문학부,사회과학부,커뮤니케이션학부,지식융합학부,경제학부,경영학부(가능)","구 영어I, 신입생 대다수의 학생을 대상으로","국제인문학부,사회과학부,커뮤니케이션학부,지식융합학부,경제학부,경영학부(대상)"
2018 학년도,1학기,학부,전인교육원,COR1003,06,글로벌의사소통I,3.0,"화,목 13:30~14:45 [J116]",3.0,채현순,0000000026,O,,,,,전학년,1학년,"국제인문학부,사회과학부,커뮤니케이션학부,지식융합학부,경제학부,경영학부(가능)","구 영어I, 신입생 대다수의 학생을 대상으로","국제인문학부,사회과학부,커뮤니케이션학부,지식융합학부,경제학부,경영학부(대상)"
2018 학년도,1학기,학부,전인교육원,COR1003,07,글로벌의사소통I,3.0,월 12:00~13:15 / 금 10:30~11:45 [J116],3.0,채현순,0000000026,O,,,,,전학년,1학년,"국제인문학부,사회과학부,커뮤니케이션학부,지식융합학부,경제학부,경영학부(가능)","구 영어I, 신입생 대다수의 학생을 대상으로","국제인문학부,사회과학부,커뮤니케이션학부,지식융합학부,경제학부,경영학부(대상)"
2018 학년도,1학기,학부,전인교육원,COR1003,08,글로벌의사소통I,3.0,"수,금 09:00~10:15 [J112]",3.0,"Kim, Jae Pil",0000000025,O,,,,,전학년,1학년,"국제인문학부,사회과학부,커뮤니케이션학부,지식융합학부,경제학부,경영학부(가능)","구 영어I, 신입생 대다수의 학생을 대상으로","국제인문학부,사회과학부,커뮤니케이션학부,지식융합학부,경제학부,경영학부(대상)"
2018 학년도,1학기,학부,전인교육원,COR1003,09,글로벌의사소통I,3.0,월 10:30~11:45 / 수 12:00~13:15 [J112],3.0,정지수,0000000027,O,,,,,전학년,1학년,"국제인문학부,사회과학부,커뮤니케이션학부,지식융합학부,경제학부,경영학부(가능)","구 영어I, 신입생 대다수의 학생을 대상으로","국제인문학부,사회과학부,커뮤니케이션학부,지식융합학부,경제학부,경영학부(대상)"
2018 학년도,1학기,학부,전인교육원,COR1003,10,글로벌의사소통I,3.0,"수,금 13:30~14:45 [J112]",3.0,"Kim, Jae Pil",0000000025,O,,,,,전학년,1학년,"국제인문학부,사회과학부,커뮤니케이션학부,지식융합학부,경제학부,경영학부(가능)","구 영어I, 신입생 대다수의 학생을 대상으로","국제인문학부,사회과학부,커뮤니케이션학부,지식융합학부,경제학부,경영학부(대상)"
2018 학년도,1학기,학부,전인교육원,COR1003,11,글로벌의사소통I,3.0,월 15:00~16:15 / 수 16:30~17:45 [J116],3.0,"Willers, Arthur Gregory",0000000026,O,,,,,전학년,1학년,"국제인문학부,사회과학부,커뮤니케이션학부,지식융합학부,경제학부,경영학부(가능)","구 영어I, 신입생 대다수의 학생을 대상으로","국제인문학부,사회과학부,커뮤니케이션학부,지식융합학부,경제학부,경영학부(대상)"
2018 학년도,1학기,학부,전인교육원,COR1003,12,글로벌의사소통I,3.0,"화,목 12:00~13:15 [D506]",3.0,"Thigpen, Byron Douglas",0000000031,O,,,,,전학년,1학년,"국제인문학부,사회과학부,커뮤니케이션학부,지식융합학부,경제학부,경영학부(가능)","구 영어I, 신입생 대다수의 학생을 대상으로","국제인문학부,사회과학부,커뮤니케이션학부,지식융합학부,경제학부,경영학부(대상)"
2018 학년도,1학기,학부,전인교육원,COR1003,13,글로벌의사소통I,3.0,"화,목 15:00~16:15 [D506]",3.0,"Thigpen, Byron Douglas",0000000030,O,,,,,전학년,1학년,"국제인문학부,사회과학부,커뮤니케이션학부,지식융합학부,경제학부,경영학부(가능)","구 영어I, 신입생 대다수의 학생을 대상으로","국제인문학부,사회과학부,커뮤니케이션학부,지식융합학부,경제학부,경영학부(대상)"
2018 학년도,1학기,학부,전인교육원,COR1003,14,글로벌의사소통I,3.0,월 10:30~11:45 / 수 12:00~13:15 [J110],3.0,"Ellis, Jason Edward",0000000024,O,,,,,전학년,1학년,"국제인문학부,사회과학부,커뮤니케이션학부,지식융합학부,경제학부,경영학부(가능)","구 영어I, 신입생 대다수의 학생을 대상으로","국제인문학부,사회과학부,커뮤니케이션학부,지식융합학부,경제학부,경영학부(대상)"
2018 학년도,1학기,학부,전인교육원,COR1003,15,글로벌의사소통I,3.0,"화,목 10:30~11:45 [J116]",3.0,채현순,0000000026,O,,,,,전학년,1학년,"국제인문학부,사회과학부,커뮤니케이션학부,지식융합학부,경제학부,경영학부(가능)","구 영어I, 신입생 대다수의 학생을 대상으로","국제인문학부,사회과학부,커뮤니케이션학부,지식융합학부,경제학부,경영학부(대상)"
2018 학년도,1학기,학부,전인교육원,COR1003,16,글로벌의사소통I,3.0,"화,목 13:30~14:45 [D506]",3.0,"Thigpen, Byron Douglas",0000000027,O,,,,,전학년,1학년,"국제인문학부,사회과학부,커뮤니케이션학부,지식융합학부,경제학부,경영학부(가능)","구 영어I, 신입생 대다수의 학생을 대상으로","국제인문학부,사회과학부,커뮤니케이션학부,지식융합학부,경제학부,경영학부(대상)"
2018 학년도,1학기,학부,전인교육원,COR1003,17,글로벌의사소통I,3.0,월 13:30~14:45 / 금 12:00~13:15 [J116],3.0,채현순,0000000025,O,,,,,전학년,1학년,"국제인문학부,사회과학부,커뮤니케이션학부,지식융합학부,경제학부,경영학부(가능)","구 영어I, 신입생 대다수의 학생을 대상으로","국제인문학부,사회과학부,커뮤니케이션학부,지식융합학부,경제학부,경영학부(대상)"
2018 학년도,1학기,학부,전인교육원,COR1003,18,글로벌의사소통I,3.0,"수,금 15:00~16:15 [J112]",3.0,"Kim, Jae Pil",0000000026,O,,,,,전학년,1학년,"국제인문학부,사회과학부,커뮤니케이션학부,지식융합학부,경제학부,경영학부(가능)","구 영어I, 신입생 대다수의 학생을 대상으로","국제인문학부,사회과학부,커뮤니케이션학부,지식융합학부,경제학부,경영학부(대상)"
2018 학년도,1학기,학부,전인교육원,COR1003,19,글로벌의사소통I,3.0,월 15:00~16:15 / 수 16:30~17:45 [J110],3.0,"Ellis, Jason Edward",0000000026,O,,,,,전학년,1학년,"국제인문학부,사회과학부,커뮤니케이션학부,지식융합학부,경제학부,경영학부(가능)","구 영어I, 신입생 대다수의 학생을 대상으로","국제인문학부,사회과학부,커뮤니케이션학부,지식융합학부,경제학부,경영학부(대상)"
2018 학년도,1학기,학부,전인교육원,COR1003,20,글로벌의사소통I,3.0,"화,목 09:00~10:15 [J114]",3.0,김영나,0000000024,O,,,,,전학년,1학년,"국제인문학부,사회과학부,커뮤니케이션학부,지식융합학부,경제학부,경영학부(가능)","구 영어I, 신입생 대다수의 학생을 대상으로","국제인문학부,사회과학부,커뮤니케이션학부,지식융합학부,경제학부,경영학부(대상)"
2018 학년도,1학기,학부,전인교육원,COR1003,21,글로벌의사소통I,3.0,"화,목 16:30~17:45 [J110]",3.0,"Ellis, Jason Edward",0000000026,O,,,,,전학년,1학년,"국제인문학부,사회과학부,커뮤니케이션학부,지식융합학부,경제학부,경영학부(가능)","구 영어I, 신입생 대다수의 학생을 대상으로","국제인문학부,사회과학부,커뮤니케이션학부,지식융합학부,경제학부,경영학부(대상)"
2018 학년도,1학기,학부,전인교육원,COR1003,22,글로벌의사소통I,3.0,"화,목 10:30~11:45 [J321]",3.0,홍진영,0000000025,O,,,,,전학년,1학년,"국제인문학부,사회과학부,커뮤니케이션학부,지식융합학부,경제학부,경영학부(가능)","구 영어I, 신입생 대다수의 학생을 대상으로","국제인문학부,사회과학부,커뮤니케이션학부,지식융합학부,경제학부,경영학부(대상)"
2018 학년도,1학기,학부,전인교육원,COR1003,23,글로벌의사소통I,3.0,월 15:00~16:15 / 수 16:30~17:45 [J114],3.0,이주영,0000000027,O,,,,,전학년,1학년,"국제인문학부,사회과학부,커뮤니케이션학부,지식융합학부,경제학부,경영학부(가능)","구 영어I, 신입생 대다수의 학생을 대상으로","국제인문학부,사회과학부,커뮤니케이션학부,지식융합학부,경제학부,경영학부(대상)"
2018 학년도,1학기,학부,전인교육원,COR1003,24,글로벌의사소통I,3.0,"화,목 15:00~16:15 [J110]",3.0,"Ellis, Jason Edward",0000000026,O,,,,,전학년,1학년,"국제인문학부,사회과학부,커뮤니케이션학부,지식융합학부,경제학부,경영학부(가능)","구 영어I, 신입생 대다수의 학생을 대상으로","국제인문학부,사회과학부,커뮤니케이션학부,지식융합학부,경제학부,경영학부(대상)"
2018 학년도,1학기,학부,전인교육원,COR1003,25,글로벌의사소통I,3.0,월 12:00~13:15 / 금 10:30~11:45 [J114],3.0,김영옥,0000000026,O,,,,,전학년,1학년,"국제인문학부,사회과학부,커뮤니케이션학부,지식융합학부,경제학부,경영학부(가능)","구 영어I, 신입생 대다수의 학생을 대상으로","국제인문학부,사회과학부,커뮤니케이션학부,지식융합학부,경제학부,경영학부(대상)"
2018 학년도,1학기,학부,전인교육원,COR1003,26,글로벌의사소통I,3.0,"수,금 13:30~14:45 [D506]",3.0,"Thigpen, Byron Douglas",0000000028,O,,,,,전학년,1학년,"국제인문학부,사회과학부,커뮤니케이션학부,지식융합학부,경제학부,경영학부(가능)","구 영어I, 신입생 대다수의 학생을 대상으로","국제인문학부,사회과학부,커뮤니케이션학부,지식융합학부,경제학부,경영학부(대상)"
2018 학년도,1학기,학부,전인교육원,COR1003,27,글로벌의사소통I,3.0,월 13:30~14:45 / 금 12:00~13:15 [J114],3.0,김영옥,0000000026,O,,,,,전학년,1학년,"국제인문학부,사회과학부,커뮤니케이션학부,지식융합학부,경제학부,경영학부(가능)","구 영어I, 신입생 대다수의 학생을 대상으로","국제인문학부,사회과학부,커뮤니케이션학부,지식융합학부,경제학부,경영학부(대상)"
2018 학년도,1학기,학부,전인교육원,COR1003,28,글로벌의사소통I,3.0,"수,금 13:30~14:45 [J114]",3.0,김영나,0000000025,O,,,,,전학년,1학년,"국제인문학부,사회과학부,커뮤니케이션학부,지식융합학부,경제학부,경영학부(가능)","구 영어I, 신입생 대다수의 학생을 대상으로","국제인문학부,사회과학부,커뮤니케이션학부,지식융합학부,경제학부,경영학부(대상)"
2018 학년도,1학기,학부,전인교육원,COR1003,29,글로벌의사소통I,3.0,월 12:00~13:15 / 금 10:30~11:45 [D610],3.0,이원희,0000000026,O,,,,,전학년,1학년,"국제인문학부,사회과학부,커뮤니케이션학부,지식융합학부,경제학부,경영학부(가능)","구 영어I, 신입생 대다수의 학생을 대상으로","국제인문학부,사회과학부,커뮤니케이션학부,지식융합학부,경제학부,경영학부(대상)"
2018 학년도,1학기,학부,전인교육원,COR1003,30,글로벌의사소통I,3.0,"화,목 09:00~10:15 [J321]",3.0,홍진영,0000000022,O,,,,,전학년,1학년,"국제인문학부,사회과학부,커뮤니케이션학부,지식융합학부,경제학부,경영학부(가능)","구 영어I, 신입생 대다수의 학생을 대상으로","국제인문학부,사회과학부,커뮤니케이션학부,지식융합학부,경제학부,경영학부(대상)"
2018 학년도,1학기,학부,전인교육원,COR1003,31,글로벌의사소통I,3.0,월 09:00~10:15 / 수 10:30~11:45 [J112],3.0,정지수,0000000025,O,,,,,전학년,1학년,"국제인문학부,사회과학부,커뮤니케이션학부,지식융합학부,경제학부,경영학부(가능)","구 영어I, 신입생 대다수의 학생을 대상으로","국제인문학부,사회과학부,커뮤니케이션학부,지식융합학부,경제학부,경영학부(대상)"
2018 학년도,1학기,학부,전인교육원,COR1003,32,글로벌의사소통I,3.0,"화,목 10:30~11:45 [J114]",3.0,김영나,0000000026,O,,,,,전학년,1학년,"국제인문학부,사회과학부,커뮤니케이션학부,지식융합학부,경제학부,경영학부(가능)","구 영어I, 신입생 대다수의 학생을 대상으로","국제인문학부,사회과학부,커뮤니케이션학부,지식융합학부,경제학부,경영학부(대상)"
2018 학년도,1학기,학부,전인교육원,COR1003,33,글로벌의사소통I,3.0,"화,목 13:30~14:45 [J112]",3.0,"Kim, Jae Pil",0000000025,O,,,,,전학년,1학년,"국제인문학부,사회과학부,커뮤니케이션학부,지식융합학부,경제학부,경영학부(가능)","구 영어I, 신입생 대다수의 학생을 대상으로","국제인문학부,사회과학부,커뮤니케이션학부,지식융합학부,경제학부,경영학부(대상)"
2018 학년도,1학기,학부,전인교육원,COR1003,34,글로벌의사소통I,3.0,월 13:30~14:45 / 금 12:00~13:15 [D610],3.0,이원희,0000000024,O,,,,,전학년,1학년,"국제인문학부,사회과학부,커뮤니케이션학부,지식융합학부,경제학부,경영학부(가능)","구 영어I, 신입생 대다수의 학생을 대상으로","국제인문학부,사회과학부,커뮤니케이션학부,지식융합학부,경제학부,경영학부(대상)"
2018 학년도,1학기,학부,전인교육원,COR1003,35,글로벌의사소통I,3.0,"화,목 09:00~10:15 [J112]",3.0,"Willers, Arthur Gregory",0000000026,O,,,,,전학년,1학년,"국제인문학부,사회과학부,커뮤니케이션학부,지식융합학부,경제학부,경영학부(가능)","구 영어I, 신입생 대다수의 학생을 대상으로","국제인문학부,사회과학부,커뮤니케이션학부,지식융합학부,경제학부,경영학부(대상)"
2018 학년도,1학기,학부,전인교육원,COR1003,36,글로벌의사소통I,3.0,"수,금 15:00~16:15 [J116]",3.0,조혜연,0000000027,O,,,,,전학년,1학년,,"구 영어I, 신입생 대다수의 학생을 대상으로",2017년 2학기 기본영어수강생 및 국제학생 전용반
2018 학년도,1학기,학부,전인교육원,COR1003,37,글로벌의사소통I,3.0,"수,금 09:00~10:15 [J110]",3.0,이현숙,0000000027,O,,,,,전학년,1학년,,"구 영어I, 신입생 대다수의 학생을 대상으로",2017년 2학기 기본영어수강생 및 국제학생 전용반
2018 학년도,1학기,학부,전인교육원,COR1005,01,글로벌의사소통I(고급),3.0,"수,금 15:00~16:15 [D506]",3.0,"Thigpen, Byron Douglas",0000000025,O,O,,,,전학년,1학년,,구 영어I(고급),
2018 학년도,1학기,학부,전인교육원,COR1007,01,성찰과성장1,1.0,,,"이영석, 박종인, 전찬용",0000000000,,O,,,,"1,2,3학년",1학년,,"성적평가:S/U, 문의:인성교육센터02)705-8805","▶일정 : 3/23(금)∼3/25(일) 마리스타 교육관(서울 합정동 소재, 개별이동)"
2018 학년도,1학기,학부,전인교육원,COR1009,01,컴퓨팅사고력,3.0,월 09:00~10:15 / 수 10:30~11:45 [D104],3.0,나미향,0000000054,,,,,,"1,2,3학년",1학년,"사회과학부,커뮤니케이션학부,지식융합학부(가능)",중핵필수(2016학번부터 대상),"사회과학,커뮤니케이션,지식융합학부 전용"
2018 학년도,1학기,학부,전인교육원,COR1009,02,컴퓨팅사고력,3.0,월 10:30~11:45 / 수 12:00~13:15 [D105],3.0,나미향,0000000060,,,,,,"1,2,3학년",1학년,"자연과학부,화공생명공학전공(가능)",중핵필수(2016학번부터 대상),"자연과학부,화공생명공학전용"
2018 학년도,1학기,학부,전인교육원,COR1009,03,컴퓨팅사고력,3.0,월 12:00~13:15 / 금 10:30~11:45 [D104],3.0,권미수,0000000059,,,,,,"1,2,3학년",1학년,"사회과학부,커뮤니케이션학부,지식융합학부(가능)",중핵필수(2016학번부터 대상),"사회과학,커뮤니케이션,지식융합학부 전용"
2018 학년도,1학기,학부,전인교육원,COR1009,04,컴퓨팅사고력,3.0,월 13:30~14:45 / 금 12:00~13:15 [D105],3.0,권미수,0000000060,,,,,,"1,2,3학년",1학년,"자연과학부,화공생명공학전공(가능)",중핵필수(2016학번부터 대상),"자연과학부,화공생명공학전용"
2018 학년도,1학기,학부,전인교육원,COR1009,05,컴퓨팅사고력,3.0,월 15:00~16:15 / 수 16:30~17:45 [D104],3.0,장나은,0000000057,,,,,,"1,2,3학년",1학년,"자연과학부,화공생명공학전공(가능)",중핵필수(2016학번부터 대상),"자연과학부,화공생명공학전용"
2018 학년도,1학기,학부,전인교육원,COR1009,06,컴퓨팅사고력,3.0,"화,목 09:00~10:15 [D104]",3.0,강은숙,0000000022,,,,,,"1,2,3학년",1학년,"자연과학부,화공생명공학전공(가능)",중핵필수(2016학번부터 대상),"자연과학부,화공생명공학전용"
2018 학년도,1학기,학부,전인교육원,COR1009,07,컴퓨팅사고력,3.0,"화,목 10:30~11:45 [D105]",3.0,강은숙,0000000058,,,,,,"1,2,3학년",1학년,"사회과학부,커뮤니케이션학부,지식융합학부(가능)",중핵필수(2016학번부터 대상),"사회과학,커뮤니케이션,지식융합학부 전용"
2018 학년도,1학기,학부,전인교육원,COR1009,08,컴퓨팅사고력,3.0,"화,목 12:00~13:15 [D104]",3.0,나미향,0000000060,,,,,,"1,2,3학년",1학년,"사회과학부,커뮤니케이션학부,지식융합학부(가능)",중핵필수(2016학번부터 대상),"사회과학,커뮤니케이션,지식융합학부 전용"
2018 학년도,1학기,학부,전인교육원,COR1009,09,컴퓨팅사고력,3.0,"화,목 13:30~14:45 [D105]",3.0,장나은,0000000064,,,,,,"1,2,3학년",1학년,,중핵필수(2016학번부터 대상),국제학생(외국인학생) 전용반
2018 학년도,1학기,학부,전인교육원,COR1009,10,컴퓨팅사고력,3.0,"화,목 15:00~16:15 [D104]",3.0,권미수,0000000059,,,,,,"1,2,3학년",1학년,"자연과학부,화공생명공학전공(가능)",중핵필수(2016학번부터 대상),"자연과학부,화공생명공학전용"
2018 학년도,1학기,학부,전인교육원,COR1009,11,컴퓨팅사고력,3.0,"수,금 09:00~10:15 [D104]",3.0,장나은,0000000044,,,,,,"1,2,3학년",1학년,"사회과학부,커뮤니케이션학부,지식융합학부(가능)",중핵필수(2016학번부터 대상),"사회과학,커뮤니케이션,지식융합학부 전용"
2018 학년도,1학기,학부,전인교육원,COR1009,12,컴퓨팅사고력,3.0,"수,금 13:30~14:45 [D105]",3.0,강은숙,0000000051,,,,,,"1,2,3학년",1학년,"자연과학부,화공생명공학전공(가능)",중핵필수(2016학번부터 대상),"자연과학부,화공생명공학전용"
2018 학년도,1학기,학부,전인교육원,COR1009,13,컴퓨팅사고력,3.0,"화,목 10:30~11:45 [AS111]",3.0,유양모,0000000037,O,,"[1,3,5]",,,"1,2학년",1학년,전자공학전공(가능),중핵필수(2016학번부터 대상),"전자과전용반. 학번이 1,3,5로 끝나는 학생"
2018 학년도,1학기,학부,전인교육원,COR1009,14,컴퓨팅사고력,3.0,월 09:00~10:15 / 수 10:30~11:45 [AS111],3.0,최용,0000000035,,,"[2,4,6]",,,"1,2학년",1학년,전자공학전공(가능),중핵필수(2016학번부터 대상),"전자과전용반. 학번이2,4,6으로 끝나는 학생"
2018 학년도,1학기,학부,전인교육원,COR1009,15,컴퓨팅사고력,3.0,월 10:30~11:45 / 수 12:00~13:15 [AS109],3.0,최용,0000000023,,,"[7,8]",,,"1,2학년",1학년,전자공학전공(가능),중핵필수(2016학번부터 대상),"전자과전용반. 학번이 7,8로 끝나는 학생"
2018 학년도,1학기,학부,전인교육원,COR1009,16,컴퓨팅사고력,3.0,"수,금 13:30~14:45 [AS111]",3.0,정진호,0000000023,,,"[9,0]",,,"1,2학년",1학년,전자공학전공(가능),중핵필수(2016학번부터 대상),"전자과전용반. 학번이 9,0으로 끝나는 학생"
2018 학년도,1학기,학부,전인교육원,COR1009,17,컴퓨팅사고력,3.0,"화,목 13:30~14:45 [D104]",3.0,전영표,0000000030,,,,,,"1,2학년",1학년,"자연과학부,화공생명공학전공(가능)",중핵필수(2016학번부터 대상),"자연과학부, 화공생명공학 전용반"
2018 학년도,1학기,학부,전인교육원,COR1009,18,컴퓨팅사고력,3.0,"화,목 15:00~16:15 [D105]",3.0,전영표,0000000052,,,,,,"1,2학년",1학년,"사회과학부,커뮤니케이션학부,지식융합학부(가능)",중핵필수(2016학번부터 대상),"사회과학,커뮤니케이션,지식융합학부 전용"
2018 학년도,1학기,학부,전인교육원,COR1011,01,컴퓨팅사고력(고급),3.0,"수,금 13:30~14:45 [AS414]",3.0,오경환,0000000061,,O,"[1,3,5,7,9]",,,"1,2학년",1학년,컴퓨터공학전공(가능),,컴퓨터공학과전용반.홀수학번
2018 학년도,1학기,학부,전인교육원,COR1011,02,컴퓨팅사고력(고급),3.0,"수,금 15:00~16:15 [AS414]",3.0,오경환,0000000063,,O,"[2,4,6,8,0]",,,"1,2학년",1학년,컴퓨터공학전공(가능),,컴퓨터공학과전용반.짝수학번
2018 학년도,1학기,학부,전인교육원,ETS2001,01,현대세계와윤리문제,3.0,월 09:00~10:15 / 수 10:30~11:45 [K203],3.0,조윤경,0000000073,,O,,,,전학년,1-4학년,,구 윤리와가치,
2018 학년도,1학기,학부,전인교육원,ETS2001,02,현대세계와윤리문제,3.0,월 13:30~14:45 / 금 12:00~13:15 [K401],3.0,김종원,0000000072,,O,,,,전학년,1-4학년,,구 윤리와가치,
2018 학년도,1학기,학부,전인교육원,ETS2001,05,현대세계와윤리문제,3.0,"화,목 16:30~17:45 [K501]",3.0,박혜순,0000000066,,O,,,,전학년,1-4학년,,구 윤리와가치,
2018 학년도,1학기,학부,전인교육원,ETS2001,06,현대세계와윤리문제,3.0,"수,금 15:00~16:15 [K405]",3.0,하유진,0000000026,,,,,,전학년,1-4학년,,구 윤리와가치,국제학생(외국국적) 전용반
2018 학년도,1학기,학부,전인교육원,ETS2002,01,논리와비판적사고,3.0,월 09:00~10:15 / 수 10:30~11:45 [J102],3.0,석기용,0000000078,,O,,,,전학년,1-4학년,,,
2018 학년도,1학기,학부,전인교육원,ETS2002,02,논리와비판적사고,3.0,월 10:30~11:45 / 수 12:00~13:15 [J102],3.0,석기용,0000000078,,O,,,,전학년,1-4학년,,,
2018 학년도,1학기,학부,전인교육원,ETS2002,03,논리와비판적사고,3.0,월 12:00~13:15 / 금 10:30~11:45 [J107],3.0,오은영,0000000075,,O,,,,전학년,1-4학년,,,
2018 학년도,1학기,학부,전인교육원,ETS2002,04,논리와비판적사고,3.0,월 13:30~14:45 / 금 12:00~13:15 [K503],3.0,서상복,0000000076,,O,,,,전학년,1-4학년,,,
2018 학년도,1학기,학부,전인교육원,ETS2002,05,논리와비판적사고,3.0,"월,금 16:30~17:45 [J102]",3.0,홍우람,0000000074,,O,,,,전학년,1-4학년,,,
2018 학년도,1학기,학부,전인교육원,ETS2002,06,논리와비판적사고,3.0,"수,금 09:00~10:15 [K402]",3.0,곽소현,0000000059,,O,,,,전학년,1-4학년,,,
2018 학년도,1학기,학부,전인교육원,ETS2002,07,논리와비판적사고,3.0,"수,금 13:30~14:45 [J107]",3.0,김영건,0000000082,,O,,,,전학년,1-4학년,,,
2018 학년도,1학기,학부,전인교육원,ETS2003,01,철학산책,3.0,"월,금 16:30~17:45 [J107]",3.0,조성환,0000000067,,O,,,,전학년,1학년,,,
2018 학년도,1학기,학부,전인교육원,ETS2004,01,종교와세계문화,3.0,월 09:00~10:15 / 수 10:30~11:45 [K402],3.0,최우혁,0000000031,,O,,,,전학년,1-4학년,,,
2018 학년도,1학기,학부,전인교육원,ETS2004,02,종교와세계문화,3.0,월 10:30~11:45 / 수 12:00~13:15 [K302],3.0,류제동,0000000105,,O,,,,전학년,1-4학년,,,
2018 학년도,1학기,학부,전인교육원,ETS2004,03,종교와세계문화,3.0,월 15:00~16:15 / 수 16:30~17:45 [K404],3.0,이호영,0000000030,,,,,,전학년,1-4학년,,,국제학생(외국국적) 전용반
2018 학년도,1학기,학부,전인교육원,ETS2004,04,종교와세계문화,3.0,월 12:00~13:15 / 금 10:30~11:45 [K208],3.0,신소희,0000000027,,O,,,,전학년,1-4학년,,,
2018 학년도,1학기,학부,전인교육원,ETS2004,05,종교와세계문화,3.0,월 13:30~14:45 / 금 12:00~13:15 [K404],3.0,박정환,0000000046,,O,,,,전학년,1-4학년,,,
2018 학년도,1학기,학부,전인교육원,ETS2004,06,종교와세계문화,3.0,"수,금 09:00~10:15 [J107]",3.0,박현준,0000000071,,O,,,,전학년,1-4학년,,,
2018 학년도,1학기,학부,전인교육원,ETS2004,07,종교와세계문화,3.0,"화,목 10:30~11:45 [K501]",3.0,이윤미,0000000115,,O,,,,전학년,1-4학년,,,
2018 학년도,1학기,학부,전인교육원,ETS2004,08,종교와세계문화,3.0,"화,목 12:00~13:15 [K501]",3.0,서동신,0000000100,,O,,,,전학년,1-4학년,,,
2018 학년도,1학기,학부,전인교육원,ETS2004,09,종교와세계문화,3.0,"화,목 12:00~13:15 [J118]",3.0,최용운,0000000183,O,O,,,,전학년,1-4학년,,,
2018 학년도,1학기,학부,전인교육원,ETS2004,10,종교와세계문화,3.0,"화,목 16:30~17:45 [K404]",3.0,채병관,0000000062,O,O,,,,전학년,1-4학년,,,
2018 학년도,1학기,학부,전인교육원,ETU4003,01,직업과윤리,3.0,"화,목 15:00~16:15 [D301]",3.0,김완구,0000000059,,,,,,전학년,1-4학년,,,
2018 학년도,1학기,학부,전인교육원,ETU4009,01,영화와철학,3.0,"화,목 13:30~14:45 [K401]",3.0,김진영,0000000076,,,,,,전학년,1-4학년,,,
2018 학년도,1학기,학부,전인교육원,ETU4010,01,한국문화와종교,3.0,"화,목 16:30~17:45 [K504]",3.0,현재우,0000000031,,,,,,전학년,1-4학년,,,
2018 학년도,1학기,학부,전인교육원,ETU4016,01,"종교,폭력,평화",3.0,"화,목 13:30~14:45 [K504]",3.0,김명희,0000000043,,,,,,전학년,2-4학년,,,
2018 학년도,1학기,학부,전인교육원,HFS2001,01,철학적인간학,3.0,"화,목 16:30~17:45 [K402]",3.0,박경자,0000000048,,,,,,2학년,2학년,,구 인간세계에대한관상 대체과목,
2018 학년도,1학기,학부,전인교육원,HFS2001,02,철학적인간학,3.0,"화,목 13:30~14:45 [K502]",3.0,홍경자,0000000087,,O,,,,2학년,2학년,,구 인간세계에대한관상 대체과목,
2018 학년도,1학기,학부,전인교육원,HFS2001,03,철학적인간학,3.0,"화,목 16:30~17:45 [K502]",3.0,홍경자,0000000072,,O,,,,2학년,2학년,,구 인간세계에대한관상 대체과목,
2018 학년도,1학기,학부,전인교육원,HFS2001,04,철학적인간학,3.0,"수,금 13:30~14:45 [K503]",3.0,김옥경,0000000103,,O,,,,2학년,2학년,,구 인간세계에대한관상 대체과목,
2018 학년도,1학기,학부,전인교육원,HFS2001,05,철학적인간학,3.0,"수,금 13:30~14:45 [MA106]",3.0,홍영미,0000000070,,,,,,2학년,2학년,,구 인간세계에대한관상 대체과목,
2018 학년도,1학기,학부,전인교육원,HFS2002,01,신학적인간학,3.0,"화,목 15:00~16:15 [K502]",3.0,조현철,0000000070,,O,,,,"2,3,4학년",2학년,,그리스도교사상(신의문제)의 대체과목,
2018 학년도,1학기,학부,전인교육원,HFS2002,02,신학적인간학,3.0,"수,금 15:00~16:15 [D209A]",3.0,강선남,0000000097,,O,,,,"2,3,4학년",2학년,,그리스도교사상(신의문제)의 대체과목,
2018 학년도,1학기,학부,전인교육원,HFS2002,03,신학적인간학,3.0,"화,목 12:00~13:15 [K401]",3.0,강영옥,0000000076,,O,,,,"2,3,4학년",2학년,,그리스도교사상(신의문제)의 대체과목,
2018 학년도,1학기,학부,전인교육원,HFS2002,04,신학적인간학,3.0,월 10:30~11:45 / 수 12:00~13:15 [K402],3.0,최우혁,0000000097,,O,,,,"2,3,4학년",2학년,,그리스도교사상(신의문제)의 대체과목,
2018 학년도,1학기,학부,전인교육원,HFS2003,01,그리스도교윤리,3.0,월 12:00~13:15 / 금 10:30~11:45 [D402],3.0,우재명,0000000069,,O,,,,"2,3,4학년",2학년,,,
2018 학년도,1학기,학부,전인교육원,HFS2003,02,그리스도교윤리,3.0,"수,금 15:00~16:15 [K402]",3.0,박은미,0000000067,,O,,,,"2,3,4학년",2학년,,,
2018 학년도,1학기,학부,전인교육원,HFS2003,03,그리스도교윤리,3.0,"화,목 15:00~16:15 [K501]",3.0,강영옥,0000000086,,O,,,,"2,3,4학년",2학년,,,
2018 학년도,1학기,학부,전인교육원,HFS2003,04,그리스도교윤리,3.0,"화,목 13:30~14:45 [K402]",3.0,박은미,0000000075,,O,,,,"2,3,4학년",2학년,,,
2018 학년도,1학기,학부,전인교육원,HFU4005,01,개인과공동체,3.0,"수,금 13:30~14:45 [K404]",3.0,박현준,0000000051,,,,,,전학년,1-4학년,,,
2018 학년도,1학기,학부,전인교육원,HFU4009,01,영성과문화예술,3.0,"화,목 15:00~16:15 [J102]",3.0,박상훈,0000000076,,,,,,전학년,1-4학년,,,
2018 학년도,1학기,학부,전인교육원,HFU4012,01,그리스도교신앙과영성,3.0,"화,목 15:00~16:15 [K504]",3.0,송봉모,0000000039,,,,,,전학년,1-4학년,,구 그리스도교개론(HFU4002)의 대체과목,
2018 학년도,1학기,학부,전인교육원,HFU4014,01,영성수련,2.0,금 15:00~16:50 [K503],2.0,안세진,0000000067,,,,,,전학년,1-4학년,,"구 영성과기도(HFU4017)의 대체과목, 성적평가:S/U",
2018 학년도,1학기,학부,전인교육원,HFU4024,01,문학과영성,3.0,"화,목 10:30~11:45 [J219]",3.0,신문주,0000000037,,,,,,전학년,1-4학년,,,부제: 사랑으로 가는 여행
2018 학년도,1학기,학부,전인교육원,HLU4003,01,운동과건강,2.0,화 09:00~10:50 [K507],2.0,이유숙,0000000031,,,,,,전학년,1-4학년,,,K관
2018 학년도,1학기,학부,전인교육원,HLU4006,01,요가,1.0,월 13:30~15:20,2.0,장현정,0000000042,,,,,,전학년,1-4학년,,장소:체육관 방음실(705-8207),체육관 방음실
2018 학년도,1학기,학부,전인교육원,HLU4006,02,요가,1.0,화 10:30~12:20,2.0,최경아,0000000034,,,,,,전학년,1-4학년,,장소:체육관 방음실(705-8207),체육관 방음실
2018 학년도,1학기,학부,전인교육원,HLU4007,01,테니스,1.0,화 13:30~15:20,2.0,정용철,0000000019,O,,,,,전학년,1-4학년,,"장소:테니스코트,문의:체육관(705-8207)",테니스장
2018 학년도,1학기,학부,전인교육원,HLU4007,02,테니스,1.0,수 13:30~15:20,2.0,서재철,0000000030,,,,,,전학년,1-4학년,,"장소:테니스코트,문의:체육관(705-8207)",테니스장
2018 학년도,1학기,학부,전인교육원,HLU4007,03,테니스,1.0,목 13:30~15:20,2.0,강상욱,0000000028,,,,,,전학년,1-4학년,,"장소:테니스코트,문의:체육관(705-8207)",테니스장
2018 학년도,1학기,학부,전인교육원,HLU4007,04,테니스,1.0,금 13:30~15:20,2.0,이문진,0000000028,,,,,,전학년,1-4학년,,"장소:테니스코트,문의:체육관(705-8207)",테니스장
2018 학년도,1학기,학부,전인교육원,HLU4008,01,탁구,1.0,금 15:00~16:50,2.0,김인실,0000000030,,,,,,전학년,1-4학년,,장소:체육관(705-8207),체육관
2018 학년도,1학기,학부,전인교육원,HLU4009,01,배드민턴,1.0,목 12:00~13:50,2.0,이천형,0000000034,,,,,,전학년,1-4학년,,장소:체육관(705-8207),체육관
2018 학년도,1학기,학부,전인교육원,HLU4011,01,농구,1.0,월 15:00~16:50,2.0,위성민,0000000032,,,,,,전학년,1-4학년,,장소:체육관(705-8207),체육관
2018 학년도,1학기,학부,전인교육원,HLU4011,02,농구,1.0,수 15:00~16:50,2.0,장기현,0000000029,,,,,,전학년,1-4학년,,장소:체육관(705-8207),체육관
2018 학년도,1학기,학부,전인교육원,HLU4013,01,축구,1.0,수 13:30~15:20,2.0,김세준,0000000019,,,,,,전학년,1-4학년,,"장소:운동장,문의:체육관(705-8207)",운동장
2018 학년도,1학기,학부,전인교육원,HLU4013,02,축구,1.0,월 15:00~16:50,2.0,임수원,0000000027,,,,,,전학년,1-4학년,,"장소:운동장,문의:체육관(705-8207)",운동장
2018 학년도,1학기,학부,전인교육원,HLU4014,01,야구,1.0,화 10:30~12:20,2.0,남기정,0000000026,,,,,,전학년,1-4학년,,"장소:운동장,문의:체육관(705-8207)",운동장
2018 학년도,1학기,학부,전인교육원,HLU4015,01,골프,1.0,월 12:00~13:50,2.0,최대혁,0000000026,,,,,,전학년,1-4학년,,장소:체육관(705-8207),체육관&외부실습
2018 학년도,1학기,학부,전인교육원,HLU4015,02,골프,1.0,화 15:00~16:50,2.0,신은철,0000000022,,,,,,전학년,1-4학년,,장소:체육관(705-8207),체육관
2018 학년도,1학기,학부,전인교육원,HLU4015,03,골프,1.0,금 12:00~13:50,2.0,김량영,0000000023,,,,,,전학년,1-4학년,,장소:체육관(705-8207),체육관&외부실습
2018 학년도,1학기,학부,전인교육원,HLU4016,01,춤과풍물,1.0,금 13:30~15:20,2.0,정경원,0000000014,,,,,,전학년,1-4학년,,체육관 방음실,체육관 방음실
2018 학년도,1학기,학부,전인교육원,HLU4101,01,수영II,1.0,화 16:30~18:20,2.0,민우식,0000000025,,,,,,전학년,1-4학년,,장소:체육관(705-8207),외부 수영장
2018 학년도,1학기,학부,전인교육원,HLU4102,01,테니스II,1.0,월 13:30~15:20,2.0,박기석,0000000014,,,,,,전학년,1-4학년,,"장소:테니스코트,문의:체육관(705-8207)",테니스장
2018 학년도,1학기,학부,전인교육원,HSS3002,01,사회봉사,2.0,수 10:30~12:20 [MA308],2.0,박혜윤,0000000063,,,,,,전학년,1-4학년,,"HSS3020(기초사회봉사)대체과목, 성적평가:S/U",
2018 학년도,1학기,학부,전인교육원,HSS3002,02,사회봉사,2.0,수 15:00~16:50 [MA308],2.0,서영아,0000000040,O,,,,,전학년,1-4학년,,"HSS3020(기초사회봉사)대체과목, 성적평가:S/U",교환학생참여수업
2018 학년도,1학기,학부,전인교육원,HSS3004,01,특수교육과장애의이해,3.0,수 10:30~13:15 [MA203],3.0,안영회,0000000049,,,,,,전학년,1-4학년,,,
2018 학년도,1학기,학부,전인교육원,HSS3005,01,수화의이해,2.0,월 13:30~15:20 [J102],2.0,김미원,0000000090,,,,,,전학년,1-4학년,,성적평가:S/U,
2018 학년도,1학기,학부,전인교육원,HSS3011,01,영어토론세미나,3.0,"화,목 10:30~11:45 [J102]",3.0,"Willers, Arthur Gregory",0000000192,O,,,,,"2,3,4학년",2-4학년,,상대평가 예외,
2018 학년도,1학기,학부,전인교육원,HSS3012,01,동서고전세미나,3.0,수 15:00~17:45 [J107],3.0,김산춘,0000000085,,,,,,전학년,1-4학년,,,강의 및 튜터: 수요일 15:00-17:45
2018 학년도,1학기,학부,전인교육원,HSS3014,01,신입생세미나,1.0,월 15:00~16:15 [K201],1.5,"임경수, 김지영",0000000013,,,,,,1학년,1학년,,"신입생만 수강가능, 성적평가:S/U",모든전공 신입생 대상 과
2018 학년도,1학기,학부,전인교육원,HSS3014,02,신입생세미나,1.0,화 18:30~20:00,1.5,사공용,0000000020,,,,O,,1학년,1학년,,"신입생만 수강가능, 성적평가:S/U",수강승인(705-8179)경제학전공 1학년대상
2018 학년도,1학기,학부,전인교육원,HSS3014,03,신입생세미나,1.0,화 18:30~20:00,1.5,곽노선,0000000020,,,,O,,1학년,1학년,,"신입생만 수강가능, 성적평가:S/U",수강승인(705-8179)경제학전공 1학년대상
2018 학년도,1학기,학부,전인교육원,HSS3014,04,신입생세미나,1.0,화 18:30~20:00,1.5,박정수,0000000020,,,,O,,1학년,1학년,,"신입생만 수강가능, 성적평가:S/U",수강승인(705-8179)경제학전공 1학년대상
2018 학년도,1학기,학부,전인교육원,HSS3014,05,신입생세미나,1.0,화 18:30~20:00,1.5,김도영,0000000021,,,,O,,1학년,1학년,,"신입생만 수강가능, 성적평가:S/U",수강승인(705-8179)경제학전공 1학년대상
2018 학년도,1학기,학부,전인교육원,HSS3014,06,신입생세미나,1.0,화 18:30~20:00,1.5,이윤수,0000000021,,,,O,,1학년,1학년,,"신입생만 수강가능, 성적평가:S/U",수강승인(705-8179)경제학전공 1학년대상
2018 학년도,1학기,학부,전인교육원,HSS3014,07,신입생세미나,1.0,화 18:30~20:00,1.5,이진권,0000000021,,,,O,,1학년,1학년,,"신입생만 수강가능, 성적평가:S/U",수강승인(705-8179)경제학전공 1학년대상
2018 학년도,1학기,학부,전인교육원,HSS3014,08,신입생세미나,1.0,화 18:30~20:00,1.5,김윤정,0000000021,,,,O,,1학년,1학년,,"신입생만 수강가능, 성적평가:S/U",수강승인(705-8179)경제학전공 1학년대상
2018 학년도,1학기,학부,전인교육원,HSS3014,09,신입생세미나,1.0,화 18:30~20:00,1.5,주하연,0000000021,,,,O,,1학년,1학년,,"신입생만 수강가능, 성적평가:S/U",수강승인(705-8179)경제학전공 1학년대상
2018 학년도,1학기,학부,전인교육원,HSS3014,10,신입생세미나,1.0,화 18:30~20:00,1.5,"Kim, Young-il",0000000021,,,,O,,1학년,1학년,,"신입생만 수강가능, 성적평가:S/U",수강승인(705-8179)경제학전공 1학년대상
2018 학년도,1학기,학부,전인교육원,HSS3014,11,신입생세미나,1.0,화 18:30~20:00,1.5,심명규,0000000021,,,,O,,1학년,1학년,,"신입생만 수강가능, 성적평가:S/U",수강승인(705-8179)경제학전공 1학년대상
2018 학년도,1학기,학부,전인교육원,HSS3014,12,신입생세미나,1.0,목 16:30~18:10 [K507],2.0,정명화,0000000034,,,,,,1학년,1학년,물리학전공(가능),"신입생만 수강가능, 성적평가:S/U","격주수업, 물리학과 신입생 전용반"
2018 학년도,1학기,학부,전인교육원,HSS3014,13,신입생세미나,1.0,월 18:00~19:45 [K307],2.0,이갑열,0000000030,,,,,,1학년,1학년,,"신입생만 수강가능, 성적평가:S/U",*생명과학 전공 1학년생 및 생명과학전공에 관심있는 1학년생
2018 학년도,1학기,학부,전인교육원,HSS3014,14,신입생세미나,1.0,월 18:00~19:45 [K307],2.0,이병하,0000000021,,,,,,1학년,1학년,,"신입생만 수강가능, 성적평가:S/U",*생명과학 전공 1학년생 및 생명과학전공에 관심있는 1학년생
2018 학년도,1학기,학부,전인교육원,HSS3014,15,신입생세미나,1.0,화 16:30~18:30 [K309],2.0,성봉준,0000000041,,,,,,1학년,1학년,화학전공(가능),"신입생만 수강가능, 성적평가:S/U",화학과전용
2018 학년도,1학기,학부,전인교육원,HSS3014,16,신입생세미나,1.0,금 16:30~18:30 [RA204],2.0,"신충수, 이태수, 정현용",0000000018,,,,O,,1학년,1학년,,"신입생만 수강가능, 성적평가:S/U",수강승인(705-8631)기계공학전공 1학년대상
2018 학년도,1학기,학부,전인교육원,HSS3014,17,신입생세미나,1.0,금 16:30~18:30 [RA204],2.0,"이정철, 정시영, 손기헌",0000000019,,,,O,,1학년,1학년,,"신입생만 수강가능, 성적평가:S/U",수강승인(705-8631)기계공학전공 1학년대상
2018 학년도,1학기,학부,전인교육원,HSS3014,18,신입생세미나,1.0,금 16:30~18:30 [RA204],2.0,"강성원, 전도영, 김동철",0000000018,,,,O,,1학년,1학년,,"신입생만 수강가능, 성적평가:S/U",수강승인(705-8631)기계공학전공 1학년대상
2018 학년도,1학기,학부,전인교육원,HSS3014,19,신입생세미나,1.0,금 16:30~18:30 [RA204],2.0,"정봉근, 허남건, 김대중",0000000017,,,,O,,1학년,1학년,,"신입생만 수강가능, 성적평가:S/U",수강승인(705-8631)기계공학전공 1학년대상
2018 학년도,1학기,학부,전인교육원,HSS3014,20,신입생세미나,1.0,금 16:30~18:30 [RA204],2.0,"김원정, 이승엽, 이철수",0000000018,,,,O,,1학년,1학년,,"신입생만 수강가능, 성적평가:S/U",수강승인(705-8631)기계공학전공 1학년대상
2018 학년도,1학기,학부,전인교육원,HSS3014,26,신입생세미나,1.0,수 16:30~17:45 [K202],1.5,최용,0000000026,,,,O,,1학년,1학년,,"신입생만 수강가능, 성적평가:S/U","수강승인(공학부:705-8629), 전자공학과 1학년 대상"
2018 학년도,1학기,학부,전인교육원,HSS3014,27,신입생세미나,1.0,수 16:30~17:45 [K202],1.5,장주욱,0000000020,,,,O,,1학년,1학년,,"신입생만 수강가능, 성적평가:S/U","수강승인(공학부:705-8629), 전자공학과 1학년 대상"
2018 학년도,1학기,학부,전인교육원,HSS3014,28,신입생세미나,1.0,수 16:30~17:45 [K202],1.5,윤광석,0000000024,,,,O,,1학년,1학년,,"신입생만 수강가능, 성적평가:S/U","수강승인(공학부:705-8629), 전자공학과 1학년 대상"
2018 학년도,1학기,학부,전인교육원,HSS3014,29,신입생세미나,1.0,수 16:30~17:45 [K202],1.5,이승훈,0000000019,,,,O,,1학년,1학년,,"신입생만 수강가능, 성적평가:S/U","수강승인(공학부:705-8629), 전자공학과 1학년 대상"
2018 학년도,1학기,학부,전인교육원,HSS3014,30,신입생세미나,1.0,수 16:30~17:45 [K202],1.5,강석주,0000000020,,,,O,,1학년,1학년,,"신입생만 수강가능, 성적평가:S/U","수강승인(공학부:705-8629), 전자공학과 1학년 대상"
2018 학년도,1학기,학부,전인교육원,HSS3014,31,신입생세미나,1.0,,,"장형수, 양지훈",0000000016,,O,,O,,,1학년,,"신입생만 수강가능, 성적평가:S/U",컴퓨터공학전공만 가능/수강승인
2018 학년도,1학기,학부,전인교육원,HSS3014,32,신입생세미나,1.0,,,"박운상, 낭종호, 박성용",0000000025,,O,,O,,,1학년,,"신입생만 수강가능, 성적평가:S/U",컴퓨터공학전공만 가능/수강승인
2018 학년도,1학기,학부,전인교육원,HSS3014,33,신입생세미나,1.0,,,"김영재, 박석",0000000018,,O,,O,,,1학년,,"신입생만 수강가능, 성적평가:S/U",컴퓨터공학전공만 가능/수강승인
2018 학년도,1학기,학부,전인교육원,HSS3014,34,신입생세미나,1.0,,,"김세준, 임인성",0000000013,,O,,O,,,1학년,,"신입생만 수강가능, 성적평가:S/U",컴퓨터공학전공만 가능/수강승인
2018 학년도,1학기,학부,전인교육원,HSS3014,35,신입생세미나,1.0,,,"이혁준, 최명환",0000000016,,O,,O,,,1학년,,"신입생만 수강가능, 성적평가:S/U",컴퓨터공학전공만 가능/수강승인
2018 학년도,1학기,학부,전인교육원,HSS3014,36,신입생세미나,1.0,,,"김지환, 오경환",0000000017,,O,,O,,,1학년,,"신입생만 수강가능, 성적평가:S/U",컴퓨터공학전공만 가능/수강승인
2018 학년도,1학기,학부,전인교육원,HSS3014,37,신입생세미나,1.0,,,"김승욱, 김주호",0000000017,,O,,O,,,1학년,,"신입생만 수강가능, 성적평가:S/U",컴퓨터공학전공만 가능/수강승인
2018 학년도,1학기,학부,전인교육원,HSS3014,38,신입생세미나,1.0,,,김충익,0000000019,,,,O,,1학년,1학년,,"신입생만 수강가능, 성적평가:S/U","수강승인(705-8474),화공생명공학전공만가능"
2018 학년도,1학기,학부,전인교육원,HSS3014,39,신입생세미나,1.0,,,김정욱,0000000019,,,,O,,1학년,1학년,,"신입생만 수강가능, 성적평가:S/U",수강승인(705-8474)화공생명공학전공만가능
2018 학년도,1학기,학부,전인교육원,HSS3014,40,신입생세미나,1.0,,,하경수,0000000023,,,,O,,1학년,1학년,,"신입생만 수강가능, 성적평가:S/U",수강승인(705-8474)화공생명공학전공만가능
2018 학년도,1학기,학부,전인교육원,HSS3014,41,신입생세미나,1.0,,,이종석,0000000025,,,,O,,1학년,1학년,,"신입생만 수강가능, 성적평가:S/U",수강승인(705-8474)화공생명공학전공만가능
2018 학년도,1학기,학부,전인교육원,HSS3014,42,신입생세미나,1.0,,,나정걸,0000000025,,,,O,,1학년,1학년,,"신입생만 수강가능, 성적평가:S/U",수강승인(705-8474)화공생명공학전공만가능
2018 학년도,1학기,학부,전인교육원,HSS3014,43,신입생세미나,1.0,화 17:00~18:40 [K507],2.0,"오영탁, 김현석, 이영란, 조장현",0000000015,,,,,,전학년,1학년,수학전공(가능),"신입생만 수강가능, 성적평가:S/U",대상: 수학과 신입생
2018 학년도,1학기,학부,전인교육원,HSS3016,01,진로탐색입문,1.0,월 15:00~16:15 [K302],1.5,김경아,0000000205,,,,,,"1,2학년",1-2학년,,구 진로탐색,"""- S/U 과목임 - 동학기 HSS3025(진로탐색 심화) 동시 수강 불가"""
2018 학년도,1학기,학부,전인교육원,HSS3019,01,세계를간다,2.0,,,안세진,0000000009,,,,O,,,1-4학년,,"수강승인과목(문의:이냐시오:705-8944), S/U평가 과목",수강승인과목
2018 학년도,1학기,학부,전인교육원,HSS3022,01,인간과영성,2.0,수 15:00~17:45 [K201],3.0,"이규성, 김지영",0000000056,,,,,,전학년,1-4학년,,성적평가:S/U,
2018 학년도,1학기,학부,전인교육원,HSS3025,01,진로탐색심화,1.0,화 15:00~16:15 [K309],1.5,최성욱,0000000026,,,,,,"2,3학년",2-3학년,,구 LED3008 진로개발세미나,"""- 본 수업은 과제와 실습위주의 수업임. - S/U 과목임 - 동학기 HSS3016(진로탐색 입문) 동시 수강 불가"""
2018 학년도,1학기,학부,전인교육원,LAU4003,01,언어의이해,3.0,"화,목 10:30~11:45 [J202]",3.0,박진혁,0000000029,,,,,,전학년,1-4학년,,,
2018 학년도,1학기,학부,전인교육원,LAU4004,01,한문의이해,3.0,"화,목 12:00~13:15 [J128]",3.0,한새해,0000000037,,,,,,전학년,1-4학년,,구 생활한문과시사한자(LCU4056)의 대체과목,
2018 학년도,1학기,학부,전인교육원,LAU4009,01,실무논술작법,3.0,"화,목 13:30~14:45 [J315]",3.0,박진혁,0000000018,,,,,,전학년,1-4학년,,,
2018 학년도,1학기,학부,전인교육원,LAU4014,01,한국미술의역사와감상,3.0,수 10:30~13:15 [X349],3.0,최경화,0000000036,,,,,,전학년,1-4학년,,,
2018 학년도,1학기,학부,전인교육원,LAU4015,01,서양미술의역사와감상,3.0,"화,목 16:30~17:45 [K302]",3.0,김호근,0000000153,,,,,,전학년,1-4학년,,,
2018 학년도,1학기,학부,전인교육원,LAU4017,01,현대패션의이해,3.0,"화,목 10:30~11:45 [K401]",3.0,노주현,0000000038,,,,,,전학년,1-4학년,,(구 디자인과복식사),
2018 학년도,1학기,학부,전인교육원,LAU4020,01,한국음악의역사와감상,3.0,화 09:00~11:45 [K406],3.0,김유석,0000000020,,,,,,"1,2,3학년",1-4학년,,,
2018 학년도,1학기,학부,전인교육원,LAU4021,01,서양음악의역사와감상,3.0,월 13:30~14:45 / 금 12:00~13:15 [DB101],3.0,김유진,0000000064,,,,,,전학년,1-4학년,,,
2018 학년도,1학기,학부,전인교육원,LAU4032,01,뮤지컬의이해,3.0,수 15:00~17:45 [DB101],3.0,정태진,0000000040,,,,,,전학년,1-4학년,,,
2018 학년도,1학기,학부,전인교육원,LAU4034,01,대학합창,2.0,"화,목 16:30~17:45 [DB101]",3.0,곽연용,0000000082,,,,,,전학년,1-4학년,,성적평가:S/U,
2018 학년도,1학기,학부,전인교육원,LAU4035,01,사진의이해,2.0,월 09:00~11:45 [D201],3.0,강승진,0000000030,,,,,,전학년,1-4학년,,S/U평가과목,DSLR 또는 미러리스카메라 준비가능한 학생으로 제한
2018 학년도,1학기,학부,전인교육원,LAU4038,01,동양미술의이해,3.0,"화,목 09:00~10:15 [D412]",3.0,장수민,0000000030,,,,,,전학년,1-4학년,,,
2018 학년도,1학기,학부,전인교육원,LAU4041,01,단소실습,1.0,월 12:00~13:50,2.0,김동근,0000000047,,,,,,전학년,1-4학년,,S/U과목,강의실:스티브김 홀(엠마오관1층)
2018 학년도,1학기,학부,전인교육원,LAU4044,01,기호학으로문화읽기,3.0,"수,금 13:30~14:45 [J108]",3.0,황인순,0000000037,,,,,,전학년,1-4학년,,,
2018 학년도,1학기,학부,전인교육원,LAU4051,01,창의적연극만들기,2.0,수 15:00~17:45 [GA505],3.0,"김용수, 임형수, 김진경",0000000058,,,,,,전학년,1-4학년,,"S/U평가,미라클공연",
2018 학년도,1학기,학부,전인교육원,LCS2001,01,독일언어와문화I,3.0,"수,금 09:00~10:15 [J207]",3.0,김형민,0000000018,,,,,,전학년,1학년,,,
2018 학년도,1학기,학부,전인교육원,LCS2001,02,독일언어와문화I,3.0,"수,금 13:30~14:45 [J202]",3.0,이민수,0000000028,,,,,,전학년,1학년,,,
2018 학년도,1학기,학부,전인교육원,LCS2001,03,독일언어와문화I,3.0,"수,금 15:00~16:15 [J202]",3.0,두행숙,0000000028,,,,,,전학년,1학년,,,
2018 학년도,1학기,학부,전인교육원,LCS2001,04,독일언어와문화I,3.0,월 10:30~11:45 / 수 12:00~13:15 [J215],3.0,허정화,0000000024,,,,,,전학년,1학년,,,
2018 학년도,1학기,학부,전인교육원,LCS2001,05,독일언어와문화I,3.0,월 12:00~13:15 / 금 10:30~11:45 [J207],3.0,이승희,0000000029,,,,,,전학년,1학년,,,
2018 학년도,1학기,학부,전인교육원,LCS2001,06,독일언어와문화I,3.0,월 13:30~14:45 / 금 12:00~13:15 [J313],3.0,성현숙,0000000026,,,,,,전학년,1학년,,,
2018 학년도,1학기,학부,전인교육원,LCS2001,07,독일언어와문화I,3.0,"화,목 10:30~11:45 [J325]",3.0,장순란,0000000020,,,,,,전학년,1학년,,,
2018 학년도,1학기,학부,전인교육원,LCS2001,08,독일언어와문화I,3.0,"화,목 12:00~13:15 [J217]",3.0,조한렬,0000000031,,,,,,전학년,1학년,,,
2018 학년도,1학기,학부,전인교육원,LCS2001,09,독일언어와문화I,3.0,"화,목 13:30~14:45 [J204]",3.0,조원규,0000000031,,,,,,전학년,1학년,,,
2018 학년도,1학기,학부,전인교육원,LCS2002,01,독일언어와문화II,3.0,"화,목 15:00~16:15 [J204]",3.0,조한렬,0000000020,,,,,,전학년,1-2학년,,독일문화기행 대체과목,
2018 학년도,1학기,학부,전인교육원,LCS2003,01,프랑스언어와문화I,3.0,월 09:00~10:15 / 수 10:30~11:45 [J217],3.0,조지숙,0000000026,,,,,,전학년,1학년,,"전분반초급자전용(비초보자:특별시험응시요망,수강시불이익부과)",
2018 학년도,1학기,학부,전인교육원,LCS2003,02,프랑스언어와문화I,3.0,월 09:00~10:15 / 수 10:30~11:45 [J207],3.0,전재연,0000000017,,,,,,전학년,1학년,,"전분반초급자전용(비초보자:특별시험응시요망,수강시불이익부과)",
2018 학년도,1학기,학부,전인교육원,LCS2003,03,프랑스언어와문화I,3.0,월 10:30~11:45 / 수 12:00~13:15 [J207],3.0,전재연,0000000028,,,,,,전학년,1학년,,"전분반초급자전용(비초보자:특별시험응시요망,수강시불이익부과)",
2018 학년도,1학기,학부,전인교육원,LCS2003,04,프랑스언어와문화I,3.0,월 12:00~13:15 / 금 10:30~11:45 [J217],3.0,최현무,0000000025,,,,,,전학년,1학년,,"전분반초급자전용(비초보자:특별시험응시요망,수강시불이익부과)",
2018 학년도,1학기,학부,전인교육원,LCS2003,05,프랑스언어와문화I,3.0,월 12:00~13:15 / 금 10:30~11:45 [J204],3.0,백수린,0000000025,,,,,,전학년,1학년,,"전분반초급자전용(비초보자:특별시험응시요망,수강시불이익부과)",
2018 학년도,1학기,학부,전인교육원,LCS2003,06,프랑스언어와문화I,3.0,"월,금 16:30~17:45 [J204]",3.0,백수린,0000000017,,,,,,전학년,1학년,,"전분반초급자전용(비초보자:특별시험응시요망,수강시불이익부과)",
2018 학년도,1학기,학부,전인교육원,LCS2003,07,프랑스언어와문화I,3.0,"화,목 09:00~10:15 [J215]",3.0,김이정,0000000018,,,,,,전학년,1학년,,"전분반초급자전용(비초보자:특별시험응시요망,수강시불이익부과)",
2018 학년도,1학기,학부,전인교육원,LCS2003,08,프랑스언어와문화I,3.0,"화,목 10:30~11:45 [J207]",3.0,임애리,0000000028,,,,,,전학년,1학년,,"전분반초급자전용(비초보자:특별시험응시요망,수강시불이익부과)",
2018 학년도,1학기,학부,전인교육원,LCS2003,09,프랑스언어와문화I,3.0,"화,목 16:30~17:45 [J207]",3.0,임애리,0000000023,,,,,,전학년,1학년,,"전분반초급자전용(비초보자:특별시험응시요망,수강시불이익부과)",
2018 학년도,1학기,학부,전인교육원,LCS2003,10,프랑스언어와문화I,3.0,"수,금 15:00~16:15 [J204]",3.0,이충민,0000000029,,,,,,전학년,1학년,,"전분반초급자전용(비초보자:특별시험응시요망,수강시불이익부과)",
2018 학년도,1학기,학부,전인교육원,LCS2004,01,프랑스언어와문화II,3.0,"화,목 15:00~16:15 [J317]",3.0,권현정,0000000013,,,,,,전학년,1학년,,"전분반초급자전용, 구 프랑스문화기행 대체과목",
2018 학년도,1학기,학부,전인교육원,LCS2005,01,중국언어와문화I,3.0,월 12:00~13:15 / 금 10:30~11:45 [J209],3.0,박지영,0000000027,,,,,,전학년,1학년,,"원어민,특기자 수강불가(수강 시 불이익부과)","원어민,특기자 수강불가(수강 시 불이익부과)"
2018 학년도,1학기,학부,전인교육원,LCS2005,02,중국언어와문화I,3.0,월 13:30~14:45 / 금 12:00~13:15 [J209],3.0,문영희,0000000028,,,,,,전학년,1학년,,"원어민,특기자 수강불가(수강 시 불이익부과)","원어민,특기자 수강불가(수강 시 불이익부과)"
2018 학년도,1학기,학부,전인교육원,LCS2005,03,중국언어와문화I,3.0,월 15:00~16:15 / 수 16:30~17:45 [J207],3.0,이종금,0000000017,,,,,,전학년,1학년,,"원어민,특기자 수강불가(수강 시 불이익부과)","원어민,특기자 수강불가(수강 시 불이익부과)"
2018 학년도,1학기,학부,전인교육원,LCS2005,05,중국언어와문화I,3.0,"화,목 12:00~13:15 [J207]",3.0,박연화,0000000030,,,,,,전학년,1학년,,"원어민,특기자 수강불가(수강 시 불이익부과)","원어민,특기자 수강불가(수강 시 불이익부과)"
2018 학년도,1학기,학부,전인교육원,LCS2005,06,중국언어와문화I,3.0,"화,목 13:30~14:45 [J207]",3.0,이경하,0000000029,,,,,,전학년,1학년,,"원어민,특기자 수강불가(수강 시 불이익부과)","원어민,특기자 수강불가(수강 시 불이익부과)"
2018 학년도,1학기,학부,전인교육원,LCS2005,07,중국언어와문화I,3.0,"수,금 13:30~14:45 [J204]",3.0,김민우,0000000026,,,,,,전학년,1학년,,"원어민,특기자 수강불가(수강 시 불이익부과)","원어민,특기자 수강불가(수강 시 불이익부과)"
2018 학년도,1학기,학부,전인교육원,LCS2007,01,일본언어와문화I,3.0,"수,금 09:00~10:15 [J215]",3.0,최은희,0000000033,,,,,,전학년,1-4학년,,구 초급일본어I(LCU4053)의 대체과목,
2018 학년도,1학기,학부,전인교육원,LCS2007,02,일본언어와문화I,3.0,월 12:00~13:15 / 금 10:30~11:45 [J219],3.0,신미영,0000000039,,,,,,전학년,1-4학년,,구 초급일본어I(LCU4053)의 대체과목,
2018 학년도,1학기,학부,전인교육원,LCS2007,03,일본언어와문화I,3.0,"화,목 09:00~10:15 [J219]",3.0,변정현,0000000039,,,,,,전학년,1-4학년,,구 초급일본어I(LCU4053)의 대체과목,
2018 학년도,1학기,학부,전인교육원,LCS2007,04,일본언어와문화I,3.0,"수,금 13:30~14:45 [J215]",3.0,송현아,0000000036,,,,,,전학년,1-4학년,,구 초급일본어I(LCU4053)의 대체과목,
2018 학년도,1학기,학부,전인교육원,LCS2007,05,일본언어와문화I,3.0,월 09:00~10:15 / 수 10:30~11:45 [J219],3.0,신미영,0000000039,,,,,,전학년,1-4학년,,구 초급일본어I(LCU4053)의 대체과목,
2018 학년도,1학기,학부,전인교육원,LCS2007,06,일본언어와문화I,3.0,"수,금 15:00~16:15 [J215]",3.0,송현아,0000000036,,,,,,전학년,1-4학년,,구 초급일본어I(LCU4053)의 대체과목,
2018 학년도,1학기,학부,전인교육원,LCS2009,01,한국어와문화I,3.0,"수,금 13:30~14:45 [K309]",3.0,이춘희,0000000034,,,,,,"1,2,3학년",1-4학년,,국제학생전용,한국어능력 3~4급 수준
2018 학년도,1학기,학부,전인교육원,LCS2009,02,한국어와문화I,3.0,"수,금 15:00~16:15 [K309]",3.0,김현정,0000000032,,,,,,"1,2,3학년",1-4학년,,국제학생전용,한국어능력 3~4급 수준
2018 학년도,1학기,학부,전인교육원,LCS2009,03,한국어와문화I,3.0,"화,목 13:30~14:45 [K309]",3.0,강수미,0000000036,,,,,,"1,2,3학년",1-4학년,,국제학생전용,한국어능력 3~4급 수준
2018 학년도,1학기,학부,전인교육원,LCS2010,01,한국어와문화II,3.0,"화,목 10:30~11:45 [K504]",3.0,조수진,0000000013,,,,,,"1,2,3학년",1-4학년,,국제학생전용,한국어능력 5급 이상 수준
2018 학년도,1학기,학부,전인교육원,LCU4021,01,초급라틴어,3.0,"화,목 10:30~11:45 [D504]",3.0,이규성,0000000025,,,,,,전학년,1-4학년,,,
2018 학년도,1학기,학부,전인교육원,LCU4025,01,초급이탈리아어,3.0,"화,목 09:00~10:15 [K309]",3.0,PetrocelliEmilia,0000000030,O,,,,,전학년,1-4학년,,,
2018 학년도,1학기,학부,전인교육원,LCU4029,01,이탈리아사회와문화,3.0,"화,목 10:30~11:45 [K309]",3.0,PetrocelliEmilia,0000000044,O,,,,,전학년,1-4학년,,,
2018 학년도,1학기,학부,전인교육원,LCU4030,01,초급스페인어,3.0,"화,목 13:30~14:45 [MA402]",3.0,"Gachoka, Clement Kinyua",0000000023,,,,,,전학년,1-4학년,,,
2018 학년도,1학기,학부,전인교육원,LCU4035,01,초급러시아어,3.0,금 13:30~16:15 [K504],3.0,서승현,0000000048,,,,,,전학년,1-4학년,,,
2018 학년도,1학기,학부,전인교육원,LCU4039,01,러시아사회와문화,3.0,"화,목 12:00~13:15 [X429]",3.0,서광진,0000000021,,,,,,전학년,1-4학년,,,
2018 학년도,1학기,학부,전인교육원,LCU4103,01,기본영어,3.0,"수,금 15:00~16:15 [J114]",3.0,김영나,0000000026,O,,,,,전학년,1학년,,"구 기본영어III,중핵필수(COR1003)의 수강준비를 위해 필요한 학생",중핵필수 글로벌의사소통1의 수강준비를 필요한학생대상.
2018 학년도,1학기,학부,전인교육원,LCU4103,02,기본영어,3.0,"수,금 13:30~14:45 [J116]",3.0,조혜연,0000000026,O,,,,,전학년,1학년,,"구 기본영어III,중핵필수(COR1003)의 수강준비를 위해 필요한 학생",중핵필수 글로벌의사소통I의 수강준비를 필요한 학생 대상
2018 학년도,1학기,학부,전인교육원,LCU4103,03,기본영어,3.0,월 10:30~11:45 / 수 12:00~13:15 [J114],3.0,이주영,0000000026,O,,,,,전학년,1학년,,"구 기본영어III,중핵필수(COR1003)의 수강준비를 위해 필요한 학생",중핵필수 글로벌의사소통I의 수강준비를 필요한 학생 대상
2018 학년도,1학기,학부,전인교육원,LCU4105,01,초급아랍어,3.0,"수,금 15:00~16:15 [D504]",3.0,김재희,0000000025,,,,,,전학년,1-4학년,,,
2018 학년도,1학기,학부,전인교육원,LCU4106,01,현대중동이해,3.0,월 09:00~10:15 / 수 10:30~11:45 [J313],3.0,박현도,0000000021,,,,,,전학년,1-4학년,,,
2018 학년도,1학기,학부,전인교육원,LCU4107,01,튜터링을통한글쓰기능력신장,2.0,"수,금 13:30~14:45 [D402]",3.0,"곽상순, 전지영",0000000060,,,,,,"2,3,4학년",2-4학년,,성적평가:S/U,"성적평가:S/U, 2-4학년"
2018 학년도,1학기,학부,전인교육원,LCU4107,02,튜터링을통한글쓰기능력신장,2.0,"수,금 15:00~16:15 [D402]",3.0,이미정,0000000058,,,,,,"2,3,4학년",2-4학년,,성적평가:S/U,"성적평가:S/U, 2-4학년"
2018 학년도,1학기,학부,전인교육원,LCU4109,01,글쓰기를위한기초인문학,3.0,"수,금 09:00~10:15 [D201]",3.0,곽상순,0000000019,,,,,,전학년,1-4학년,,,
2018 학년도,1학기,학부,전인교육원,LCU4110,01,문학예술과창의적글쓰기,3.0,"화,목 12:00~13:15 [X353]",3.0,조원규,0000000040,,,,,,전학년,1-4학년,,,
2018 학년도,1학기,학부,전인교육원,LCU4111,01,해석과설득적글쓰기,3.0,"화,목 16:30~17:45 [J104]",3.0,석기용,0000000023,,,,,,전학년,1-4학년,,,
2018 학년도,1학기,학부,전인교육원,LCU4113,01,사회학적참여관찰과글쓰기,3.0,월 09:00~10:15 / 수 10:30~11:45 [X353],3.0,오찬호,0000000029,,,,,,전학년,1-4학년,,,
2018 학년도,1학기,학부,전인교육원,LED3010,01,발표와토론,3.0,"화,목 13:30~14:45 [J104]",3.0,오윤정,0000000017,,,,,,"2,3,4학년",1-4학년,,,
2018 학년도,1학기,학부,전인교육원,LED3013,01,국제적의사소통실습,3.0,"화,목 12:00~13:15 [K309]",3.0,김선주,0000000015,,,,,,전학년,1-4학년,,,
2018 학년도,1학기,학부,전인교육원,LED3015,01,자기브랜드리더십,3.0,월 10:30~13:15 [K407],3.0,최혜림,0000000019,,,,,,전학년,1-4학년,,,
2018 학년도,1학기,학부,전인교육원,ROT4001,01,무관후보생교육I,3.0,"화,목 08:00~11:00 [RA204]",6.0,,0000000022,,,,,,3학년,3학년,,,
2018 학년도,1학기,학부,전인교육원,ROT4003,01,무관후보생교육III,3.0,"화,목 08:00~11:00 [RA514]",6.0,,0000000027,,,,,,4학년,4학년,,,
2018 학년도,1학기,학부,전인교육원,SHS2001,01,현대사회의이해,3.0,월 15:00~16:15 / 수 16:30~17:45 [DB102],3.0,민병교,0000000082,,O,,,,전학년,1-2학년,,,
2018 학년도,1학기,학부,전인교육원,SHS2001,02,현대사회의이해,3.0,"화,목 15:00~16:15 [DB102]",3.0,전승봉,0000000088,,O,,,,전학년,1-2학년,,,
2018 학년도,1학기,학부,전인교육원,SHS2002,01,한국과세계,3.0,"화,목 09:00~10:15 [DB102]",3.0,서복경,0000000138,,O,,,,전학년,1학년,,,
2018 학년도,1학기,학부,전인교육원,SHS2002,02,한국과세계,3.0,"월,금 16:30~17:45 [D302]",3.0,오세제,0000000032,,O,,,,전학년,1학년,,,
2018 학년도,1학기,학부,전인교육원,SHS2002,03,한국과세계,3.0,"화,목 16:30~17:45 [J118]",3.0,이지호,0000000180,,O,,,,전학년,1학년,,,
2018 학년도,1학기,학부,전인교육원,SHS2002,04,한국과세계(중국어강의),3.0,"화,목 10:30~11:45 [D302]",3.0,신은영,0000000058,,,,,,1학년,1학년,,,국제학생 전용반-중국어 강의
2018 학년도,1학기,학부,전인교육원,SHS2002,05,한국과세계(중국어강의),3.0,"화,목 12:00~13:15 [D302]",3.0,장윤미,0000000060,,,,,,"2,3,4학년",1학년,,,국제학생 전용반 - 중국어강의
2018 학년도,1학기,학부,전인교육원,SHS2004,01,경제와사회,3.0,"화,목 13:30~14:45 [K503]",3.0,변기석,0000000066,,O,,,,전학년,1-2학년,"경제학부,경영학부(불가능)","경제학, 경영학 전공학생 수강불가(구 시장경제의이해 대체과목)",
2018 학년도,1학기,학부,전인교육원,SHS2005,01,법과공학,3.0,금 16:30~19:15 [DB101],3.0,이수진,0000000083,,O,,,,전학년,1-2학년,,,
2018 학년도,1학기,학부,전인교육원,SHS2005,02,법과공학,3.0,수 10:30~13:15 [DB101],3.0,권세진,0000000094,,O,,,,전학년,1-2학년,,,
2018 학년도,1학기,학부,전인교육원,SHS2005,03,법과공학,3.0,금 10:30~13:15 [DB102],3.0,권세진,0000000089,,O,,,,전학년,1-2학년,,,
2018 학년도,1학기,학부,전인교육원,SHS2005,04,법과공학,3.0,월 12:00~14:45 [DB102],3.0,강기봉,0000000162,,O,,,,전학년,1-2학년,,,
2018 학년도,1학기,학부,전인교육원,SHS2005,05,법과공학,3.0,화 12:00~14:45 [DB101],3.0,강기봉,0000000102,,O,,,,전학년,1-2학년,,,
2018 학년도,1학기,학부,전인교육원,SHS2005,06,법과공학,3.0,금 16:30~19:15 [DB102],3.0,안재형,0000000064,,O,,,,전학년,1-2학년,,,
2018 학년도,1학기,학부,전인교육원,SHS2005,07,법과공학,3.0,수 13:30~16:15 [J102],3.0,박윤석,0000000083,,O,,,,전학년,1-2학년,,,
2018 학년도,1학기,학부,전인교육원,SHS2005,08,법과공학,3.0,금 13:30~16:15 [DB101],3.0,박윤석,0000000084,,O,,,,전학년,1-2학년,,,
2018 학년도,1학기,학부,전인교육원,SHS2006,01,기업과경영의이해,3.0,월 10:30~11:45 / 수 12:00~13:15 [MA402],3.0,고은정,0000000050,,O,,,,전학년,1-2학년,,구 기업과공학(교과목명변경),
2018 학년도,1학기,학부,전인교육원,SHS2007,01,생활속의심리학,3.0,"화,목 15:00~16:15 [D202]",3.0,강재연,0000000073,,O,,,,전학년,1-4학년,,,
2018 학년도,1학기,학부,전인교육원,SHS2007,02,생활속의심리학,3.0,월 09:00~10:15 / 수 10:30~11:45 [K202],3.0,김태사,0000000063,,O,,,,전학년,1-4학년,,,
2018 학년도,1학기,학부,전인교육원,SHU4001,01,북한의이해와통일후한국,3.0,"화,목 09:00~10:15 [D301]",3.0,정영철,0000000043,,,,,,전학년,1-4학년,,"구 통일과민족의미래, 구 북한의이해의 대체과목",
2018 학년도,1학기,학부,전인교육원,SHU4010,01,동남아시아전통사회의이해,3.0,"수,금 13:30~14:45 [D302]",3.0,강희정,0000000019,,,,,,전학년,1-4학년,,,
2018 학년도,1학기,학부,전인교육원,SHU4015,01,사회복지의이해,3.0,월 15:00~16:15 / 수 16:30~17:45 [D502],3.0,김진욱,0000000024,,,,,,전학년,1-4학년,,"구 사회봉사실천, 구 일과쉼의 대체과목",
2018 학년도,1학기,학부,전인교육원,SHU4019,01,삶과교육,3.0,월 10:30~11:45 / 수 12:00~13:15 [J217],3.0,김재웅,0000000027,,,,,,전학년,1-4학년,,,
2018 학년도,1학기,학부,전인교육원,SHU4024,01,결혼준비특강,3.0,월 10:30~11:45 / 수 12:00~13:15 [K503],3.0,김영희,0000000057,,,,,,"2,3,4학년",1-4학년,,,"강의배정시 매주토론수업 진행,"
2018 학년도,1학기,학부,전인교육원,SHU4031,01,인권과교육,3.0,"화,목 12:00~13:15 [J327]",3.0,김녕,0000000029,,,,,,전학년,1-4학년,,,
2018 학년도,1학기,학부,전인교육원,SHU4050,01,국제개발협력의이해,3.0,수 15:00~17:45 [J307],3.0,"천권환, 박혜윤",0000000074,,,,,,전학년,1-4학년,,과목평가:S/U,
2018 학년도,1학기,학부,전인교육원,SHU4052,01,세계대전의이해,3.0,월 13:30~14:45 / 금 12:00~13:15 [J118],3.0,이장욱,0000000211,,,,,,전학년,1-4학년,,"구 현대세계와전쟁(SHU4049), 문명의충돌(SHU4012)의 대체과목",
2018 학년도,1학기,학부,전인교육원,SHU4054,01,자기표현의심리적이해,3.0,"화,목 13:30~14:45 [D302]",3.0,김은진,0000000059,,,,,,"2,3,4학년",2-4학년,,PSY3006자기표현의심리적기초 기수강자는 수강불가.,
2018 학년도,1학기,학부,전인교육원,SHU4057,01,공감의시대,2.0,수 15:00~16:50 [D201],2.0,김상용,0000000026,,,,,,전학년,1-4학년,,,
2018 학년도,1학기,학부,전인교육원,SHU4063,01,인간과기업가정신,2.0,금 15:00~17:00 [K203],2.0,홍철기,0000000102,,,,,,전학년,1-4학년,,성적평가:S/U,수강대상:전학년/권장학년:1-2학년
2018 학년도,1학기,학부,전인교육원,STS2001,01,자연과인간,3.0,월 10:30~11:45 / 수 12:00~13:15 [K201],3.0,이덕환,0000000068,,,,,,전학년,1학년,"자연과학부,공학부(불가능)","자연과학부,공학부 수강불가",
2018 학년도,1학기,학부,전인교육원,STS2002,02,생명과환경,3.0,"화,목 13:30~14:45 [K203]",3.0,김건수,0000000089,,,,,,전학년,1학년,"자연과학부,공학부(불가능)","자연과학부,공학부 수강불가",*자연과학부/공학부 수강불가
2018 학년도,1학기,학부,전인교육원,STS2002,03,생명과환경,3.0,"화,목 15:00~16:15 [K203]",3.0,한징택,0000000068,,,,,,전학년,1학년,"자연과학부,공학부(불가능)","자연과학부,공학부 수강불가",*자연과학부/공학부 수강불가
2018 학년도,1학기,학부,전인교육원,STS2002,04,생명과환경,3.0,"수,금 13:30~14:45 [K203]",3.0,이병하,0000000088,,,,,,전학년,1학년,"자연과학부,공학부(불가능)","자연과학부,공학부 수강불가",*자연과학부/공학부 수강불가
2018 학년도,1학기,학부,전인교육원,STS2004,01,대학수학,3.0,"화,목 15:00~16:15 [RA410]",3.0,최미란,0000000068,,,,,,전학년,1학년,"자연과학부,공학부(불가능)","자연과학부,공학부 수강불가",
2018 학년도,1학기,학부,전인교육원,STS2004,02,대학수학,3.0,"수,금 13:30~14:45 [RA308]",3.0,이종범,0000000063,,,,,,전학년,1학년,"자연과학부,공학부(불가능)","자연과학부,공학부 수강불가",
2018 학년도,1학기,학부,전인교육원,STS2004,03,대학수학,3.0,"화,목 09:00~10:15 [K303]",3.0,유지현,0000000058,,,,,,전학년,1학년,"자연과학부,공학부(불가능)","자연과학부,공학부 수강불가",
2018 학년도,1학기,학부,전인교육원,STS2004,04,대학수학,3.0,"수,금 09:00~10:15 [K303]",3.0,유지현,0000000037,,,,,,전학년,1학년,"자연과학부,공학부(불가능)","자연과학부,공학부 수강불가",
2018 학년도,1학기,학부,전인교육원,STS2004,05,대학수학,3.0,"화,목 13:30~14:45 [RA406B]",3.0,김지현,0000000067,,,,,,전학년,1학년,"자연과학부,공학부(불가능)","자연과학부,공학부 수강불가",
2018 학년도,1학기,학부,전인교육원,STS2004,06,대학수학,3.0,"화,목 15:00~16:15 [RA406B]",3.0,김지현,0000000068,,,,,,전학년,1학년,"자연과학부,공학부(불가능)","자연과학부,공학부 수강불가",
2018 학년도,1학기,학부,전인교육원,STS2004,07,대학수학,3.0,월 12:00~13:15 / 금 10:30~11:45 [K303],3.0,김현정,0000000062,,,,,,전학년,1학년,"자연과학부,공학부(불가능)","자연과학부,공학부 수강불가",
2018 학년도,1학기,학부,전인교육원,STS2004,08,대학수학,3.0,월 13:30~14:45 / 금 12:00~13:15 [K303],3.0,김현정,0000000064,,,,,,전학년,1학년,"자연과학부,공학부(불가능)","자연과학부,공학부 수강불가",
2018 학년도,1학기,학부,전인교육원,STS2004,09,대학수학,3.0,"화,목 09:00~10:15 [RA408]",3.0,이미선,0000000030,,,,,,전학년,1학년,"자연과학부,공학부(불가능)","자연과학부,공학부 수강불가",
2018 학년도,1학기,학부,전인교육원,STS2004,10,대학수학,3.0,"화,목 12:00~13:15 [RA406B]",3.0,이미선,0000000068,,,,,,전학년,1학년,"자연과학부,공학부(불가능)","자연과학부,공학부 수강불가",
2018 학년도,1학기,학부,전인교육원,STS2004,11,대학수학,3.0,월 15:00~16:15 / 수 16:30~17:45 [K303],3.0,이영록,0000000074,,,,,,전학년,1학년,"자연과학부,공학부(불가능)","자연과학부,공학부 수강불가",
2018 학년도,1학기,학부,전인교육원,STS2004,12,대학수학,3.0,"수,금 15:00~16:15 [K303]",3.0,이영록,0000000084,,,,,,전학년,1학년,"자연과학부,공학부(불가능)","자연과학부,공학부 수강불가",
2018 학년도,1학기,학부,전인교육원,STS2004,13,대학수학,3.0,월 10:30~11:45 / 수 12:00~13:15 [K301],3.0,하구용,0000000069,,,,,,전학년,1학년,"자연과학부,공학부(불가능)","자연과학부,공학부 수강불가",국제학생(외국국적) 전용반
2018 학년도,1학기,학부,전인교육원,STS2005,01,미적분학I,3.0,월 12:00~13:15 / 금 10:30~11:45 [RA408],3.0,김종수,0000000060,,,,,,전학년,1학년,수학전공(가능),,수학전공(가능)
2018 학년도,1학기,학부,전인교육원,STS2005,02,미적분학I,3.0,"수,금 09:00~10:15 [RA308]",3.0,이종범,0000000037,O,O,,,,전학년,1학년,,,
2018 학년도,1학기,학부,전인교육원,STS2005,03,미적분학I,3.0,월 09:00~10:15 / 수 10:30~11:45 [RA408],3.0,박성호,0000000043,,O,,,,전학년,1학년,,,
2018 학년도,1학기,학부,전인교육원,STS2005,04,미적분학I,3.0,월 10:30~11:45 / 수 12:00~13:15 [RA408],3.0,조장현,0000000060,O,O,,,,전학년,1학년,,,
2018 학년도,1학기,학부,전인교육원,STS2005,05,미적분학I,3.0,"화,목 10:30~11:45 [K303]",3.0,유지현,0000000083,,O,,,,전학년,1학년,,,
2018 학년도,1학기,학부,전인교육원,STS2005,06,미적분학I,3.0,"화,목 13:30~14:45 [K303]",3.0,유지현,0000000080,,O,,,,전학년,1학년,,,
2018 학년도,1학기,학부,전인교육원,STS2005,07,미적분학I,3.0,"화,목 09:00~10:15 [K201]",3.0,김영경,0000000065,,O,,,,전학년,1학년,,,
2018 학년도,1학기,학부,전인교육원,STS2005,08,미적분학I,3.0,"화,목 10:30~11:45 [K201]",3.0,김영경,0000000068,,O,,,,전학년,1학년,,,
2018 학년도,1학기,학부,전인교육원,STS2005,09,미적분학I,3.0,월 12:00~13:15 / 금 10:30~11:45 [RA308],3.0,강유태,0000000070,,O,,,,전학년,1학년,,,
2018 학년도,1학기,학부,전인교육원,STS2005,10,미적분학I,3.0,월 13:30~14:45 / 금 12:00~13:15 [RA308],3.0,강유태,0000000062,,O,,,,전학년,1학년,,,
2018 학년도,1학기,학부,전인교육원,STS2005,11,미적분학I,3.0,월 09:00~10:15 / 수 10:30~11:45 [RA308],3.0,조성희,0000000051,,,,,,전학년,1학년,,,
2018 학년도,1학기,학부,전인교육원,STS2005,12,미적분학I,3.0,"수,금 09:00~10:15 [RA406B]",3.0,최미란,0000000050,,O,,,,전학년,1학년,,,
2018 학년도,1학기,학부,전인교육원,STS2005,13,미적분학I,3.0,"수,금 15:00~16:15 [K502]",3.0,최미란,0000000076,,O,,,,전학년,1학년,,,
2018 학년도,1학기,학부,전인교육원,STS2008,01,고급응용C프로그래밍,3.0,"화,목 12:00~13:15 [AS111]",3.0,김승욱,0000000031,,,,,,"2,3,4학년",2학년,컴퓨터공학전공(불가능),"(구)C언어[C프로그래밍수강자,컴공전공수강불가],포트란프로그래밍 대체과목","(구)C언어[C프로그래밍수강자,컴공전공수강불가]"
2018 학년도,1학기,학부,전인교육원,STS2008,02,고급응용C프로그래밍,3.0,월 10:30~11:45 / 수 12:00~13:15 [GN402],3.0,서경희,0000000030,,,,,,"2,3,4학년",2학년,컴퓨터공학전공(불가능),"(구)C언어[C프로그래밍수강자,컴공전공수강불가],포트란프로그래밍 대체과목","(구)C언어[C프로그래밍수강자,컴공전공수강불가]"
2018 학년도,1학기,학부,전인교육원,STS2008,03,고급응용C프로그래밍,3.0,"수,금 09:00~10:15 [AS111]",3.0,윤용운,0000000020,,,,,,"2,3,4학년",2학년,컴퓨터공학전공(불가능),"(구)C언어[C프로그래밍수강자,컴공전공수강불가],포트란프로그래밍 대체과목","(구)C언어[C프로그래밍수강자,컴공전공수강불가]"
2018 학년도,1학기,학부,전인교육원,STS2008,04,고급응용C프로그래밍,3.0,월 12:00~13:15 / 금 10:30~11:45 [AS111],3.0,윤용운,0000000037,,,,,,"2,3,4학년",2학년,컴퓨터공학전공(불가능),"(구)C언어[C프로그래밍수강자,컴공전공수강불가],포트란프로그래밍 대체과목","(구)C언어[C프로그래밍수강자,컴공전공수강불가]"
2018 학년도,1학기,학부,전인교육원,STS2008,05,고급응용C프로그래밍,3.0,월 13:30~14:45 / 금 12:00~13:15 [AS111],3.0,서경희,0000000024,,,,,,"2,3,4학년",2학년,,"(구)C언어[C프로그래밍수강자,컴공전공수강불가],포트란프로그래밍 대체과목","(구)C언어[C프로그래밍수강자,컴공전공수강불가]"
2018 학년도,1학기,학부,전인교육원,STS2010,01,과학사,3.0,월 09:00~10:15 / 수 10:30~11:45 [K405],3.0,이정희,0000000020,,,,,,전학년,1-2학년,,,
2018 학년도,1학기,학부,전인교육원,STS2010,02,과학사,3.0,월 10:30~11:45 / 수 12:00~13:15 [K405],3.0,이정희,0000000045,,,,,,전학년,1-2학년,,,
2018 학년도,1학기,학부,전인교육원,STS2011,01,기초응용소프트웨어프로그래밍,3.0,월 09:00~10:15 / 수 10:30~11:45 [GN402],3.0,서경희,0000000020,,,,,,"2,3,4학년",2-4학년,,파이썬 고급과정(구 고급응용소프트웨어프로그래밍),파이썬 중급과정
2018 학년도,1학기,학부,전인교육원,STU4005,01,바다의이해,3.0,토 09:00~11:45 [J102],3.0,이은일,0000000051,,,,,,전학년,1-4학년,,,
2018 학년도,1학기,학부,전인교육원,STU4006,01,자연재해와우리사회,3.0,"화,목 12:00~13:15 [K301]",3.0,김현주,0000000078,,,,,,전학년,1-4학년,,,
2018 학년도,1학기,학부,전인교육원,STU4007,01,지구과학,3.0,"화,목 13:30~14:45 [K301]",3.0,김현주,0000000066,,,,,,전학년,1-4학년,,,
2018 학년도,1학기,학부,전인교육원,STU4016,01,사상의학의이해,3.0,수 15:00~17:45 [K401],3.0,이병삼,0000000090,,,,,,전학년,1-4학년,,,
2018 학년도,1학기,학부,전인교육원,TLS1002,01,비평적글쓰기연습,3.0,월 10:30~11:45 / 수 12:00~13:15 [J108],3.0,허윤진,0000000025,,O,,,,전학년,1-4학년,,구 계열별글쓰기의 대체과목,(구)계열별글쓰기 대체 과목
2018 학년도,1학기,학부,전인교육원,TLS1002,02,비평적글쓰기연습,3.0,월 12:00~13:15 / 금 10:30~11:45 [J108],3.0,박인성,0000000027,,O,,,,전학년,1-4학년,,구 계열별글쓰기의 대체과목,(구)계열별글쓰기 대체 과목
2018 학년도,1학기,학부,전인교육원,TLS1002,03,비평적글쓰기연습,3.0,"화,목 10:30~11:45 [J104]",3.0,이미정,0000000029,,O,,,,전학년,1-4학년,,구 계열별글쓰기의 대체과목,(구)계열별글쓰기 대체 과목
2018 학년도,1학기,학부,전인교육원,TLS1002,04,비평적글쓰기연습,3.0,"화,목 16:30~17:45 [J108]",3.0,김신정,0000000029,,O,,,,전학년,1-4학년,,구 계열별글쓰기의 대체과목,(구)계열별글쓰기 대체 과목
2018 학년도,1학기,학부,전인교육원,TLS1004,01,글로벌의사소통II,3.0,"화,목 10:30~11:45 [J112]",3.0,"Kim, Jae Pil",0000000025,O,O,,,,전학년,1학년,,구 영어II의 대체과목,
2018 학년도,1학기,학부,전인교육원,ZKAP001,01,학문을위한한국어 I,3.0,"월,금 16:30~17:45 [AR905]",3.0,김도희,0000000004,,,,,,,1-4학년,,국제학생 대상 소규모 한국어 집중 대상 강의(수강승인),
2018 학년도,1학기,학부,전인교육원,ZKAP001,02,학문을위한한국어 I,3.0,"수,금 13:30~14:45 [AR905]",3.0,김도희,0000000003,,,,,,,1-4학년,,국제학생 대상 소규모 한국어 집중 대상 강의(수강승인),
2018 학년도,1학기,학부,전인교육원,ZKAP001,03,학문을위한한국어 I,3.0,"수,금 15:00~16:15 [AR905]",3.0,김도희,0000000004,,,,,,,1-4학년,,국제학생 대상 소규모 한국어 집중 대상 강의(수강승인),
2018 학년도,1학기,학부,전인교육원,ZKAP001,04,학문을위한한국어 I,3.0,"화,목 13:30~14:45 [AR807]",3.0,김은정,0000000003,,,,,,,1-4학년,,국제학생 대상 소규모 한국어 집중 대상 강의(수강승인),
2018 학년도,1학기,학부,전인교육원,ZKAP001,05,학문을위한한국어 I,3.0,"화,목 15:00~16:15 [AR803]",3.0,김은정,0000000003,,,,,,,1-4학년,,국제학생 대상 소규모 한국어 집중 대상 강의(수강승인),
2018 학년도,1학기,학부,전인교육원,ZKAP001,06,학문을위한한국어 I,3.0,"화,목 16:30~17:45 [AR803]",3.0,김은정,0000000002,,,,,,,1-4학년,,국제학생 대상 소규모 한국어 집중 대상 강의(수강승인),
2018 학년도,1학기,학부,전인교육원,ZKAP001,07,학문을위한한국어 I,3.0,"화,목 13:30~14:45 [AR806]",3.0,김지은,0000000003,,,,,,,1-4학년,,국제학생 대상 소규모 한국어 집중 대상 강의(수강승인),
2018 학년도,1학기,학부,전인교육원,ZKAP001,08,학문을위한한국어 I,3.0,"화,목 15:00~16:15 [AR806]",3.0,김지은,0000000003,,,,,,,1-4학년,,국제학생 대상 소규모 한국어 집중 대상 강의(수강승인),
2018 학년도,1학기,학부,전인교육원,ZKAP001,09,학문을위한한국어 I,3.0,"월,금 16:30~17:45 [AR806]",3.0,김지은,0000000003,,,,,,,1-4학년,,국제학생 대상 소규모 한국어 집중 대상 강의(수강승인),
2018 학년도,1학기,학부,전인교육원,ZKAP001,10,학문을위한한국어 I,3.0,"수,금 13:30~14:45 [AR804]",3.0,김지은,0000000003,,,,,,,1-4학년,,국제학생 대상 소규모 한국어 집중 대상 강의(수강승인),
2018 학년도,1학기,학부,전인교육원,ZKAP001,11,학문을위한한국어 I,3.0,"화,목 13:30~14:45 [AR804]",3.0,김지은,0000000003,,,,,,,1-4학년,,국제학생 대상 소규모 한국어 집중 대상 강의(수강승인),
2018 학년도,1학기,학부,전인교육원,ZKAP001,12,학문을위한한국어 I,3.0,"화,목 15:00~16:15 [AR804]",3.0,김지은,0000000003,,,,,,,1-4학년,,국제학생 대상 소규모 한국어 집중 대상 강의(수강승인),
2018 학년도,1학기,학부,전인교육원,ZKAP001,13,학문을위한한국어 I,3.0,"화,목 16:30~17:45 [AR808]",3.0,박다래,0000000003,,,,,,,1-4학년,,국제학생 대상 소규모 한국어 집중 대상 강의(수강승인),
2018 학년도,1학기,학부,전인교육원,ZKAP001,14,학문을위한한국어 I,3.0,"수,금 15:00~16:15 [AR808]",3.0,박다래,0000000002,,,,,,,1-4학년,,국제학생 대상 소규모 한국어 집중 대상 강의(수강승인),
2018 학년도,1학기,학부,전인교육원,ZKAP001,15,학문을위한한국어 I,3.0,"월,금 16:30~17:45 [AR808]",3.0,박다래,0000000003,,,,,,,1-4학년,,국제학생 대상 소규모 한국어 집중 대상 강의(수강승인),
2018 학년도,1학기,학부,전인교육원,ZKAP001,16,학문을위한한국어 I,3.0,"수,금 13:30~14:45 [AR805]",3.0,박선민,0000000003,,,,,,,1-4학년,,국제학생 대상 소규모 한국어 집중 대상 강의(수강승인),
2018 학년도,1학기,학부,전인교육원,ZKAP001,17,학문을위한한국어 I,3.0,"화,목 13:30~14:45 [AR805]",3.0,박선민,0000000003,,,,,,,1-4학년,,국제학생 대상 소규모 한국어 집중 대상 강의(수강승인),
2018 학년도,1학기,학부,전인교육원,ZKAP001,18,학문을위한한국어 I,3.0,"화,목 16:30~17:45 [AR805]",3.0,박선민,0000000003,,,,,,,1-4학년,,국제학생 대상 소규모 한국어 집중 대상 강의(수강승인),
2018 학년도,1학기,학부,전인교육원,ZKAP002,01,학문을위한한국어 II,3.0,"화,목 15:00~16:15 [AR907]",3.0,박주영,0000000004,,,,,,,1-4학년,,국제학생 대상 소규모 한국어 집중 대상 강의(수강승인),
2018 학년도,1학기,학부,전인교육원,ZKAP002,02,학문을위한한국어 II,3.0,"수,금 15:00~16:15 [AR907]",3.0,박주영,0000000004,,,,,,,1-4학년,,국제학생 대상 소규모 한국어 집중 대상 강의(수강승인),
2018 학년도,1학기,학부,전인교육원,ZKAP002,03,학문을위한한국어 II,3.0,"월,금 16:30~17:45 [AR907]",3.0,박주영,0000000004,,,,,,,1-4학년,,국제학생 대상 소규모 한국어 집중 대상 강의(수강승인),
2018 학년도,1학기,학부,전인교육원,ZKAP002,04,학문을위한한국어 II,3.0,"수,금 13:30~14:45 [AR813]",3.0,손정란,0000000003,,,,,,,1-4학년,,국제학생 대상 소규모 한국어 집중 대상 강의(수강승인),
2018 학년도,1학기,학부,전인교육원,ZKAP002,05,학문을위한한국어 II,3.0,"화,목 16:30~17:45 [AR813]",3.0,손정란,0000000003,,,,,,,1-4학년,,국제학생 대상 소규모 한국어 집중 대상 강의(수강승인),
2018 학년도,1학기,학부,전인교육원,ZKAP002,06,학문을위한한국어 II,3.0,"수,금 15:00~16:15 [AR813]",3.0,손정란,0000000003,,,,,,,1-4학년,,국제학생 대상 소규모 한국어 집중 대상 강의(수강승인),
2018 학년도,1학기,학부,전인교육원,ZKAP002,07,학문을위한한국어 II,3.0,"화,목 15:00~16:15 [AR808]",3.0,신효원,0000000003,,,,,,,1-4학년,,국제학생 대상 소규모 한국어 집중 대상 강의(수강승인),
2018 학년도,1학기,학부,전인교육원,ZKAP002,08,학문을위한한국어 II,3.0,"화,목 13:30~14:45 [AR808]",3.0,신효원,0000000003,,,,,,,1-4학년,,국제학생 대상 소규모 한국어 집중 대상 강의(수강승인),
2018 학년도,1학기,학부,전인교육원,ZKAP002,09,학문을위한한국어 II,3.0,"수,금 13:30~14:45 [AR808]",3.0,신효원,0000000003,,,,,,,1-4학년,,국제학생 대상 소규모 한국어 집중 대상 강의(수강승인),
2018 학년도,1학기,학부,전인교육원,ZKAP002,10,학문을위한한국어 II,3.0,"화,목 13:30~14:45 [AR813]",3.0,양승희,0000000003,,,,,,,1-4학년,,국제학생 대상 소규모 한국어 집중 대상 강의(수강승인),
2018 학년도,1학기,학부,전인교육원,ZKAP002,11,학문을위한한국어 II,3.0,"월,금 16:30~17:45 [AR813]",3.0,양승희,0000000003,,,,,,,1-4학년,,국제학생 대상 소규모 한국어 집중 대상 강의(수강승인),
2018 학년도,1학기,학부,전인교육원,ZKAP002,12,학문을위한한국어 II,3.0,"수,금 15:00~16:15 [AR809]",3.0,양승희,0000000003,,,,,,,1-4학년,,국제학생 대상 소규모 한국어 집중 대상 강의(수강승인),
2018 학년도,1학기,학부,전인교육원,ZKAP002,13,학문을위한한국어 II,3.0,"화,목 15:00~16:15 [AR904]",3.0,오승은,0000000003,,,,,,,1-4학년,,국제학생 대상 소규모 한국어 집중 대상 강의(수강승인),
2018 학년도,1학기,학부,전인교육원,ZKAP002,14,학문을위한한국어 II,3.0,"화,목 13:30~14:45 [AR904]",3.0,오승은,0000000003,,,,,,,1-4학년,,국제학생 대상 소규모 한국어 집중 대상 강의(수강승인),
2018 학년도,1학기,학부,전인교육원,ZKAP002,15,학문을위한한국어 II,3.0,"화,목 16:30~17:45 [AR905]",3.0,오승은,0000000003,,,,,,,1-4학년,,국제학생 대상 소규모 한국어 집중 대상 강의(수강승인),
2018 학년도,1학기,학부,전인교육원,ZKAP002,16,학문을위한한국어 II,3.0,"수,금 15:00~16:15 [AR611]",3.0,옥혜정,0000000003,,,,,,,1-4학년,,국제학생 대상 소규모 한국어 집중 대상 강의(수강승인),
2018 학년도,1학기,학부,전인교육원,ZKAP002,17,학문을위한한국어 II,3.0,"화,목 16:30~17:45 [AR611]",3.0,옥혜정,0000000003,,,,,,,1-4학년,,국제학생 대상 소규모 한국어 집중 대상 강의(수강승인),
2018 학년도,1학기,학부,전인교육원,ZKAP002,18,학문을위한한국어 II,3.0,"화,목 13:30~14:45 [AR611]",3.0,옥혜정,0000000003,,,,,,,1-4학년,,국제학생 대상 소규모 한국어 집중 대상 강의(수강승인),
2018 학년도,1학기,학부,전인교육원,ZKAP003,01,학문을위한한국어 III,3.0,"월,금 16:30~17:45 [AR911]",3.0,이선명,0000000007,,,,,,,1-4학년,,국제학생 대상 소규모 한국어 집중 대상 강의(수강승인),
2018 학년도,1학기,학부,전인교육원,ZKAP003,02,학문을위한한국어 III,3.0,"수,금 13:30~14:45 [AR911]",3.0,이선명,0000000008,,,,,,,1-4학년,,국제학생 대상 소규모 한국어 집중 대상 강의(수강승인),
2018 학년도,1학기,학부,전인교육원,ZKAP003,03,학문을위한한국어 III,3.0,"수,금 15:00~16:15 [AR911]",3.0,이선명,0000000008,,,,,,,1-4학년,,국제학생 대상 소규모 한국어 집중 대상 강의(수강승인),
2018 학년도,1학기,학부,전인교육원,ZKAP003,04,학문을위한한국어 III,3.0,"수,금 13:30~14:45 [AR904]",3.0,이연정,0000000007,,,,,,,1-4학년,,국제학생 대상 소규모 한국어 집중 대상 강의(수강승인),
2018 학년도,1학기,학부,전인교육원,ZKAP004,01,학문을위한한국어 IV,3.0,"화,목 15:00~16:15 [AR904]",3.0,이연정,0000000006,,,,,,,1-4학년,,국제학생 대상 소규모 한국어 집중 대상 강의(수강승인),
2018 학년도,1학기,학부,전인교육원,ZKAP004,02,학문을위한한국어 IV,3.0,"수,금 15:00~16:15 [AR904]",3.0,이연정,0000000007,,,,,,,1-4학년,,국제학생 대상 소규모 한국어 집중 대상 강의(수강승인),
2018 학년도,1학기,학부,전인교육원,ZKAP004,03,학문을위한한국어 IV,3.0,"화,목 16:30~17:45 [AR807]",3.0,조재희,0000000006,,,,,,,1-4학년,,국제학생 대상 소규모 한국어 집중 대상 강의(수강승인),
2018 학년도,1학기,학부,전인교육원,ZKAP004,04,학문을위한한국어 IV,3.0,"월,금 16:30~17:45 [AR813]",3.0,조재희,0000000006,,,,,,,1-4학년,,국제학생 대상 소규모 한국어 집중 대상 강의(수강승인),
2018 학년도,1학기,학부,전인교육원,ZKAP004,05,학문을위한한국어 IV,3.0,"수,금 13:30~14:45 [AR807]",3.0,조재희,0000000002,,,,,,,1-4학년,,국제학생 대상 소규모 한국어 집중 대상 강의(수강승인),
2018 학년도,1학기,학부,스포츠미디어 연계전공,SPM3005,01,레크리에이션의이론과실제,2.0,금 10:30~12:20 [K504],2.0,이문진,0000000034,,,,,,전학년,1-4학년,,장소:체육관(705-8207),
2018 학년도,1학기,학부,공공인재 연계전공,PUB2005,01,법과현대사회,3.0,"화,목 12:00~13:15 [D201]",3.0,이상수,0000000028,,,,,,전학년,1-4학년,,"구 HSS3010, 구 법과생활, LAW2010대체과목",
2018 학년도,1학기,학부,국제한국학전공,KOS2205,01,Topics in Korea Today,3.0,월 10:30~11:45 / 수 12:00~13:15 [D209A],3.0,도지인,0000000097,O,,,,,전학년,1-4학년,,"부제 : Politics, Economy, and Society",
2018 학년도,1학기,학부,경제학전공,ECO2001,01,경제학원론I,3.0,월 09:00~10:15 / 수 10:30~11:45 [GN301],3.0,"Heshmati, Almas",0000000041,O,,,,,전학년,1학년,,,
2018 학년도,1학기,학부,경제학전공,ECO2001,02,경제학원론I,3.0,월 10:30~11:45 / 수 12:00~13:15 [GN201],3.0,김영철,0000000107,,,,,,전학년,1학년,,,
2018 학년도,1학기,학부,경제학전공,ECO2001,03,경제학원론I,3.0,월 12:00~13:15 / 금 10:30~11:45 [GN202],3.0,Iris Haydar Doruk,0000000079,O,,,,,전학년,1학년,,,
2018 학년도,1학기,학부,경제학전공,ECO2001,04,경제학원론I,3.0,월 13:30~14:45 / 금 12:00~13:15 [GN202],3.0,Iris Haydar Doruk,0000000085,O,,,,,전학년,1학년,,,
2018 학년도,1학기,학부,경제학전공,ECO2001,05,경제학원론I,3.0,"수,금 09:00~10:15 [GN201]",3.0,"Brodersen, Sofie",0000000145,O,,,,,전학년,1학년,,,
2018 학년도,1학기,학부,경제학전공,ECO2001,06,경제학원론I,3.0,"수,금 13:30~14:45 [GN201]",3.0,이수형,0000000083,O,,,,,전학년,1학년,,,
2018 학년도,1학기,학부,경제학전공,ECO2001,07,경제학원론I,3.0,"수,금 15:00~16:15 [GN201]",3.0,이수형,0000000089,,,,,,전학년,1학년,,,
2018 학년도,1학기,학부,경제학전공,ECO2001,08,경제학원론I,3.0,"화,목 09:00~10:15 [GN301]",3.0,전현배,0000000048,O,,,,,전학년,1학년,,,
2018 학년도,1학기,학부,경제학전공,ECO2001,09,경제학원론I,3.0,"화,목 15:00~16:15 [GN201]",3.0,남성일,0000000111,,,,,,전학년,1학년,,,
2018 학년도,1학기,학부,경제학전공,ECO2001,11,경제학원론I,3.0,"월,금 16:30~17:45 [GN202]",3.0,조무상,0000000091,,,,,,전학년,1학년,,,
2018 학년도,1학기,학부,경제학전공,ECO2002,02,경제학원론II,3.0,월 12:00~13:15 / 금 10:30~11:45 [GN102],3.0,"Kim, Young-il",0000000076,O,,,,,전학년,1학년,,,
2018 학년도,1학기,학부,경제학전공,ECO2002,03,경제학원론II,3.0,월 13:30~14:45 / 금 12:00~13:15 [GN201],3.0,"Brodersen, Sofie",0000000153,O,,,,,전학년,1학년,,,
2018 학년도,1학기,학부,경제학전공,ECO2002,04,경제학원론II,3.0,"화,목 10:30~11:45 [GN201]",3.0,곽노선,0000000065,,,,,,전학년,1학년,,,
2018 학년도,1학기,학부,경제학전공,ECO2002,05,경제학원론II,3.0,"화,목 16:30~17:45 [GN201]",3.0,박정수,0000000100,,,,,,전학년,1학년,,,
2018 학년도,1학기,학부,경제학전공,ECO2003,01,경제수리기초,3.0,"화,목 09:00~10:15 [GN102]",3.0,이강오,0000000045,,,,,,전학년,1학년,,미적분학I을 수강한 전학생 및 07학번 이전학생(07포함) 수강불가,미적분학 I 혹은 미적분학 II를 수강한 전학생 및 07학번 이전학생(07포함) 수강불가
2018 학년도,1학기,학부,경제학전공,ECO2003,02,경제수리기초,3.0,"화,목 13:30~14:45 [GN201]",3.0,이강오,0000000097,,,,,,전학년,1학년,,미적분학I을 수강한 전학생 및 07학번 이전학생(07포함) 수강불가,미적분학 I 혹은 미적분학 II를 수강한 전학생 및 07학번 이전학생(07포함) 수강불가
2018 학년도,1학기,학부,경제학전공,ECO2003,03,경제수리기초,3.0,월 12:00~13:15 / 금 10:30~11:45 [GN201],3.0,정지은,0000000130,,,,,,전학년,1학년,,미적분학I을 수강한 전학생 및 07학번 이전학생(07포함) 수강불가,미적분학 I 혹은 미적분학 II를 수강한 전학생 및 07학번 이전학생(07포함) 수강불가
2018 학년도,1학기,학부,경제학전공,ECO2004,01,경제통계학,3.0,"화,목 09:00~10:15 [GN202]",3.0,사공용,0000000052,,,,,,전학년,1학년,"수학전공,컴퓨터공학전공(불가능)","수학,컴공 전공자 수강불가(통계학입문으로 대체),경영통계 수강자 수강불가","수학, 컴공 전공자 수강불가(통계학입문으로 대체), 경영통계 수강자 수강불가"
2018 학년도,1학기,학부,경제학전공,ECO2004,02,경제통계학,3.0,"화,목 12:00~13:15 [GN102]",3.0,이영훈,0000000083,,,,,,전학년,1학년,"수학전공,컴퓨터공학전공(불가능)","수학,컴공 전공자 수강불가(통계학입문으로 대체),경영통계 수강자 수강불가","수학, 컴공 전공자 수강불가(통계학입문으로 대체), 경영통계 수강자 수강불가"
2018 학년도,1학기,학부,경제학전공,ECO2004,03,경제통계학,3.0,"화,목 13:30~14:45 [GN202]",3.0,사공용,0000000095,,,,,,전학년,1학년,"수학전공,컴퓨터공학전공(불가능)","수학,컴공 전공자 수강불가(통계학입문으로 대체),경영통계 수강자 수강불가","수학, 컴공 전공자 수강불가(통계학입문으로 대체), 경영통계 수강자 수강불가"
2018 학년도,1학기,학부,경제학전공,ECO2006,01,미시경제학I,3.0,월 09:00~10:15 / 수 10:30~11:45 [GN102],3.0,Iris Haydar Doruk,0000000042,O,,,,,전학년,2학년,,"선수과목: 경제학 원론Ⅰ, 경제수리기초(혹은 미적분학I이나 미적분학II)",
2018 학년도,1학기,학부,경제학전공,ECO2006,02,미시경제학I,3.0,월 15:00~16:15 / 수 16:30~17:45 [GN102],3.0,이진권,0000000039,O,,,,,전학년,2학년,,"선수과목: 경제학 원론Ⅰ, 경제수리기초(혹은 미적분학I이나 미적분학II)",
2018 학년도,1학기,학부,경제학전공,ECO2006,03,미시경제학I,3.0,"수,금 13:30~14:45 [GN202]",3.0,주하연,0000000077,O,,,,,전학년,2학년,,"선수과목: 경제학 원론Ⅰ, 경제수리기초(혹은 미적분학I이나 미적분학II)",
2018 학년도,1학기,학부,경제학전공,ECO2006,04,미시경제학I,3.0,"화,목 10:30~11:45 [GN203]",3.0,왕규호,0000000014,,,,,,전학년,2학년,,"선수과목: 경제학 원론Ⅰ, 경제수리기초(혹은 미적분학I이나 미적분학II)","Honors Class: CGPA3.3이상 & 경제원론I,II, 경제수리기초, 경제통계 중 3과목에서 B+이상"
2018 학년도,1학기,학부,경제학전공,ECO2006,05,미시경제학I,3.0,"화,목 15:00~16:15 [GN301]",3.0,김도영,0000000083,O,,,,,전학년,2학년,,"선수과목: 경제학 원론Ⅰ, 경제수리기초(혹은 미적분학I이나 미적분학II)",
2018 학년도,1학기,학부,경제학전공,ECO2007,01,거시경제학I,3.0,"수,금 15:00~16:15 [GN301]",3.0,이윤수,0000000058,O,,,,,전학년,2학년,,,"선수과목: 경제학 원론Ⅰ, 경제학 원론Ⅱ, 경제수리기초(혹은 미적분학 I이나 미적분학 II)"
2018 학년도,1학기,학부,경제학전공,ECO2007,02,거시경제학I,3.0,"화,목 12:00~13:15 [GN301]",3.0,조장옥,0000000100,,,,,,전학년,2학년,,,"선수과목: 경제학 원론Ⅰ, 경제학 원론Ⅱ, 경제수리기초(혹은 미적분학 I이나 미적분학 II)"
2018 학년도,1학기,학부,경제학전공,ECO2007,03,거시경제학I,3.0,"화,목 13:30~14:45 [GN203]",3.0,곽노선,0000000031,,,,,,전학년,2학년,,,"선수과목: 경제학 원론Ⅰ, 경제학 원론Ⅱ, 경제수리기초(혹은 미적분학 I이나 미적분학 II)"
2018 학년도,1학기,학부,경제학전공,ECO2008,01,수리경제학,3.0,월 15:00~16:15 / 수 16:30~17:45 [GN202],3.0,김영철,0000000074,O,,,,,전학년,2학년,,,"선수과목: 경제학 원론Ⅰ, 경제수리기초(혹은 미적분학 I이나 미적분학 II)"
2018 학년도,1학기,학부,경제학전공,ECO2009,01,계량경제학I,3.0,"화,목 10:30~11:45 [GN301]",3.0,남준우,0000000046,,,,,,전학년,2-3학년,,선수과목:경제통계학(혹은 통계학입문 또는 경영통계학),"HONORS CLASS:CGPA3.3이상 & 경제원론 I,II, 경제수리기초,경제통계 중 3과목에서 B+이상"
2018 학년도,1학기,학부,경제학전공,ECO2009,02,계량경제학I,3.0,"화,목 13:30~14:45 [GN301]",3.0,이한식,0000000090,,,,,,전학년,2-3학년,,선수과목:경제통계학(혹은 통계학입문 또는 경영통계학),
2018 학년도,1학기,학부,경제학전공,ECO2009,03,계량경제학I,3.0,"화,목 15:00~16:15 [GN202]",3.0,이영훈,0000000096,,,,,,전학년,2-3학년,,선수과목:경제통계학(혹은 통계학입문 또는 경영통계학),
2018 학년도,1학기,학부,경제학전공,ECO3001,01,산업경제학,3.0,"수,금 15:00~16:15 [GN202]",3.0,주하연,0000000080,,,,,,전학년,3-4학년,,(구)산업조직론,선수과목: 미시경제학Ⅰ; 경제학전공자 우선수강신청(비경제학전공자는 전학년수강신청일에 수강신청 가능)
2018 학년도,1학기,학부,경제학전공,ECO3002,01,노동경제학,3.0,"화,목 12:00~13:15 [GN201]",3.0,남성일,0000000109,,,,,,전학년,3-4학년,,,"선수과목: 미시경제학Ⅰ, 경제통계학(혹은 통계학입문이나 경영통계학); 경제학전공자 우선수강신청(비경제학전공자는 전학년수강신청일에 수강신청 가능"
2018 학년도,1학기,학부,경제학전공,ECO3004,01,도시경제학,3.0,월 15:00~16:15 / 수 16:30~17:45 [GN301],3.0,김경환,0000000038,,,,,,전학년,3-4학년,,,선수과목: 미시경제학 I; 경제학전공자 우선수강신청(비경제학전공자는 전학년수강신청일에 수강신청 가능)
2018 학년도,1학기,학부,경제학전공,ECO3008,01,금융경제학,3.0,"수,금 13:30~14:45 [GN102]",3.0,남주하,0000000066,,,,,,전학년,3-4학년,,,"선수과목: 미시경제학Ⅰ, 거시경제학Ⅰ; 경제학전공자 우선수강신청(비경제학전공자는 전학년수강신청일에 수강신청 가능)"
2018 학년도,1학기,학부,경제학전공,ECO3009,01,공공경제학,3.0,월 10:30~11:45 / 수 12:00~13:15 [GN202],3.0,김경환,0000000063,,,,,,전학년,3-4학년,,(구) 재정학,"선수과목: 미시경제학Ⅰ, 거시경제학Ⅰ; 경제학전공자 우선수강신청(비경제학전공자는 전학년수강신청일에 수강신청 가능)"
2018 학년도,1학기,학부,경제학전공,ECO3011,01,국제금융론,3.0,"화,목 13:30~14:45 [GN102]",3.0,정재식,0000000090,,,,,,전학년,3-4학년,,,선수과목: 거시경제학Ⅰ; 경제학전공자 우선수강신청(비경제학전공자는 전학년수강신청일에 수강신청 가능)
2018 학년도,1학기,학부,경제학전공,ECO3017,01,국제경제학,3.0,월 09:00~10:15 / 수 10:30~11:45 [GN202],3.0,김윤정,0000000098,O,,,,,전학년,3-4학년,,,"선수과목: 경제학 원론Ⅰ, 경제학 원론Ⅱ; 국제무역론과 국제금융론 모두 수강한 학생 수강금지; 경제학전공자 우선수강신청(비경제학전공자는 전학년"
2018 학년도,1학기,학부,경제학전공,ECO3019,01,인구경제학,3.0,월 13:30~14:45 / 금 12:00~13:15 [GN102],3.0,"Kim, Young-il",0000000042,O,,,,,전학년,2-4학년,,,"선수과목: 미시경제학Ⅰ, 계량경제학Ⅰ; 경제학전공자 우선수강신청(비경제학전공자는 전학년수강신청일에 수강신청 가능)"
2018 학년도,1학기,학부,경제학전공,ECO3021,01,경제성장론,3.0,월 10:30~11:45 / 수 12:00~13:15 [GN301],3.0,송의영,0000000074,,,,,,전학년,3-4학년,,,"선수과목: 경제수리기초(혹은 미적분학 I이나 미적분학 II), 거시경제학 I; 경제학전공자 우선수강신청(비경제학전공자는 전학년수강신청일에 수강"
2018 학년도,1학기,학부,경제학전공,ECO4001,01,미시경제학II,3.0,"화,목 15:00~16:15 [GN203]",3.0,왕규호,0000000020,,,,,,전학년,3-4학년,,,선수과목: 미시경제학Ⅰ; 경제학전공자 우선수강신청(비경제학전공자는 전학년수강신청일에 수강신청 가능)
2018 학년도,1학기,학부,경제학전공,ECO4006,01,정보경제학,3.0,"화,목 16:30~17:45 [GN301]",3.0,김도영,0000000075,O,,,,,전학년,3-4학년,,,선수과목: 미시경제학Ⅰ; 경제학전공자 우선수강신청(비경제학전공자는 전학년수강신청일에 수강신청 가능)
2018 학년도,1학기,학부,경제학전공,ECO4009,01,파생상품시장,3.0,"화,목 10:30~11:45 [GN202]",3.0,사공용,0000000098,,,,,,전학년,3-4학년,,,"선수과목: 미시경제학Ⅰ, 경제통계학; 경제학전공자 우선수강신청(비경제학전공자는 전학년수강신청일에 수강신청 가능)"
2018 학년도,1학기,학부,경제학전공,ECO4010,01,국제금융시장,3.0,"화,목 12:00~13:15 [GN202]",3.0,박정수,0000000118,O,,,,,전학년,3-4학년,,,"선수과목: 경제학 원론Ⅰ, 경제학 원론Ⅱ; 경제학전공자 우선수강신청(비경제학전공자는 전학년수강신청일에 수강신청 가능)"
2018 학년도,1학기,학부,경제학전공,ECO4014,01,한국경제론,3.0,월 10:30~11:45 / 수 12:00~13:15 [GN102],3.0,이인실,0000000059,,,,,,전학년,3-4학년,,,"선수과목: 경제학 원론Ⅰ, 경제학 원론Ⅱ; 경제학전공자 우선수강신청(비경제학전공자는 전학년수강신청일에 수강신청 가능)"
2018 학년도,1학기,학부,경제학전공,ECO4018,01,경제학특강1,3.0,"수,금 09:00~10:15 [GN203]",3.0,심명규,0000000013,,,,,,전학년,2-4학년,,,"부제: 거시경제학 특수문제; 선수과목: 경제학 원론Ⅰ, 경제학 원론Ⅱ, 거시경제학 I; 경제학전공자 우선수강신청(비경제학전공자는 전학년수강신청"
2018 학년도,1학기,학부,경제학전공,ECO4019,01,경제학특강2,3.0,"수,금 13:30~14:45 [GN203]",3.0,이윤수,0000000023,,,,,,전학년,3-4학년,,,"부제: 금융위기와 경제정책; 선수과목: 경제학 원론Ⅰ, 경제학 원론Ⅱ, 거시경제학 I; 경제학전공자 우선수강신청(비경제학전공자는 전학년수강신청"
2018 학년도,1학기,학부,경제학전공,ECO4020,01,경제학특강3,3.0,"화,목 10:30~11:45 [GN102]",3.0,정재식,0000000026,,,,,,전학년,3-4학년,,,"부제: R을 이용한 금융빅데이터분석; PC실 강의; 선수과목: 경제학 원론Ⅰ, 경제학 원론Ⅱ, 경제통계학; 경제학전공자 우선수강신청(비경제학전"
2018 학년도,1학기,학부,경제학전공,ECO4021,01,경제학특강4,3.0,"화,목 12:00~13:15 [GN402]",3.0,이강오,0000000014,,,,,,전학년,3-4학년,,선수과목:미시경제학(ECO2006) 필수 이수,"부제: 경제학도를 위한 파이선; PC실 강의; 선수과목: 경제학 원론Ⅰ, 경제학 원론Ⅱ, 경제수리기초, 경제통계학; 경제학전공자 우선수강신청("
2018 학년도,1학기,학부,경제학전공,ECO4030,01,행동경제학,3.0,"수,금 09:00~10:15 [GN102]",3.0,Iris Haydar Doruk,0000000035,O,,,,,전학년,3-4학년,,선수과목:미시경제학(ECO2006) 필수 이수,선수과목: 미시경제학Ⅰ; 경제학전공자 우선수강신청(비경제학전공자는 전학년수강신청일에 수강신청 가능)
2018 학년도,1학기,학부,경제학전공,ECO4033,01,거시경제지표분석(캡스톤디자인),3.0,"화,목 15:00~16:15 [GN102]",3.0,김영익,0000000065,,,,,,전학년,2-4학년,,,선수과목: 거시경제학Ⅰ; 경제학전공자 우선수강신청(비경제학전공자는 전학년수강신청일에 수강신청 가능)
2018 학년도,1학기,학부,경제학전공,ECO4034,01,금융시장행태주의(behavioral)분석(캡스톤),3.0,"화,목 09:00~10:15 [GN203]",3.0,정재식,0000000019,,,,,,전학년,3-4학년,,,"선수과목: 미시경제학Ⅰ, 거시경제학Ⅰ; 경제학전공자 우선수강신청(비경제학전공자는 전학년수강신청일에 수강신청 가능)"
2018 학년도,1학기,학부,경제학전공,ECOG010,01,고급미시경제학I,3.0,"화,목 13:30~14:45 [GN304]",3.0,왕규호,0000000001,,,,,,전학년,4학년,,"대학원초급과목,구ECO5010",대학원 초급과목; 선수과목: 미시경제학Ⅰ; 경제학전공자 우선수강신청(비경제학전공자는 전학년수강신청일에 수강신청 가능)
2018 학년도,1학기,학부,경제학전공,ECOG020,01,고급거시경제학I,3.0,"수,금 15:00~16:15 [GN304]",3.0,남주하,0000000001,,,,,,전학년,4학년,,"대학원초급과목,구ECO5020","대학원 초급과목; 선수과목: 미시경제학Ⅰ, 거시경제학 I; 경제학전공자 우선수강신청(비경제학전공자는 전학년수강신청일에 수강신청 가능)"
2018 학년도,1학기,학부,경제학전공,ECOG030,01,고급계량경제학I,3.0,"화,목 10:30~11:45 [GN304]",3.0,이한식,0000000004,,,,,,전학년,4학년,,"대학원초급과목,구ECO5030",대학원 초급과목; 선수과목: 계량경제학; 경제학전공자 우선수강신청(비경제학전공자는 전학년수강신청일에 수강신청 가능)
